precinct,DEM,DEM_AbsenteebyMail,DEM_AdvanceinPerson,DEM_ElectionDay,DEM_Provisional,DonaldJTrump,DonaldJTrump_AbsenteebyMail,DonaldJTrump_AdvanceinPerson,DonaldJTrump_ElectionDay,DonaldJTrump_Provisional,GaryJohnson,GaryJohnson_AbsenteebyMail,GaryJohnson_AdvanceinPerson,GaryJohnson_ElectionDay,GaryJohnson_Provisional,HillaryClinton,HillaryClinton_AbsenteebyMail,HillaryClinton_AdvanceinPerson,HillaryClinton_ElectionDay,HillaryClinton_Provisional,LIB,LIB_AbsenteebyMail,LIB_AdvanceinPerson,LIB_ElectionDay,LIB_Provisional,REP,REP_AbsenteebyMail,REP_AdvanceinPerson,REP_ElectionDay,REP_Provisional
01A,1898,83,995,815,5,173,5,69,99,0,97,4,39,54,0,1898,83,995,815,5,97,4,39,54,0,173,5,69,99,0
01B,2304,78,959,1267,0,243,9,64,170,0,125,3,33,89,0,2304,78,959,1267,0,125,3,33,89,0,243,9,64,170,0
01C,580,15,221,344,0,19,0,5,14,0,13,0,3,10,0,580,15,221,344,0,13,0,3,10,0,19,0,5,14,0
01D,268,25,147,96,0,23,3,9,11,0,6,1,2,3,0,268,25,147,96,0,6,1,2,3,0,23,3,9,11,0
01E,2932,119,1610,1193,10,283,10,132,141,0,144,2,48,93,1,2932,119,1610,1193,10,144,2,48,93,1,283,10,132,141,0
01F,443,11,167,262,3,16,0,4,12,0,11,0,3,8,0,443,11,167,262,3,11,0,3,8,0,16,0,4,12,0
01H,378,14,162,202,0,20,0,5,15,0,10,0,1,9,0,378,14,162,202,0,10,0,1,9,0,20,0,5,15,0
01J,1159,38,605,511,5,41,1,19,20,1,35,0,21,14,0,1159,38,605,511,5,35,0,21,14,0,41,1,19,20,1
01P,577,29,169,378,1,17,1,6,10,0,11,0,2,9,0,577,29,169,378,1,11,0,2,9,0,17,1,6,10,0
01R,564,5,130,419,10,7,0,1,6,0,7,0,3,3,1,564,5,130,419,10,7,0,3,3,1,7,0,1,6,0
01S,801,22,345,426,8,25,4,11,10,0,10,0,2,8,0,801,22,345,426,8,10,0,2,8,0,25,4,11,10,0
01T,695,21,260,414,0,49,3,19,27,0,20,0,9,11,0,695,21,260,414,0,20,0,9,11,0,49,3,19,27,0
02A,1814,146,1067,599,2,455,25,218,211,1,133,11,60,62,0,1814,146,1067,599,2,133,11,60,62,0,455,25,218,211,1
02B,1048,28,504,515,1,178,12,53,113,0,32,3,8,21,0,1048,28,504,515,1,32,3,8,21,0,178,12,53,113,0
02C,1121,38,512,564,7,90,3,31,55,1,48,1,18,29,0,1121,38,512,564,7,48,1,18,29,0,90,3,31,55,1
02D,2177,86,1069,1018,4,239,10,73,156,0,113,2,36,75,0,2177,86,1069,1018,4,113,2,36,75,0,239,10,73,156,0
02E,1215,56,503,651,5,154,3,46,104,1,60,2,17,41,0,1215,56,503,651,5,60,2,17,41,0,154,3,46,104,1
02F1,1704,68,941,692,3,216,8,108,100,0,107,2,43,62,0,1704,68,941,692,3,107,2,43,62,0,216,8,108,100,0
02F2,420,19,216,184,1,47,2,21,24,0,19,0,8,10,1,420,19,216,184,1,19,0,8,10,1,47,2,21,24,0
02G,1968,73,1085,808,2,247,11,105,131,0,105,2,41,62,0,1968,73,1085,808,2,105,2,41,62,0,247,11,105,131,0
02J,1844,654,521,657,12,220,58,59,101,2,94,21,28,45,0,1844,654,521,657,12,94,21,28,45,0,220,58,59,101,2
02K,819,36,347,436,0,120,5,41,74,0,57,3,17,37,0,819,36,347,436,0,57,3,17,37,0,120,5,41,74,0
02L1,2965,168,1528,1245,24,552,29,195,325,3,198,9,82,102,5,2965,168,1528,1245,24,198,9,82,102,5,552,29,195,325,3
02L2,575,25,329,220,1,130,13,55,62,0,28,2,11,14,1,575,25,329,220,1,28,2,11,14,1,130,13,55,62,0
02S,394,24,181,189,0,30,0,13,17,0,13,0,4,9,0,394,24,181,189,0,13,0,4,9,0,30,0,13,17,0
02W,219,8,99,112,0,52,3,21,28,0,25,0,9,16,0,219,8,99,112,0,25,0,9,16,0,52,3,21,28,0
03A,763,24,323,412,4,22,2,7,12,1,5,0,1,4,0,763,24,323,412,4,5,0,1,4,0,22,2,7,12,1
03B,203,18,78,105,2,2,0,1,1,0,2,0,0,2,0,203,18,78,105,2,2,0,0,2,0,2,0,1,1,0
03C,738,52,327,355,4,14,0,5,9,0,10,0,3,7,0,738,52,327,355,4,10,0,3,7,0,14,0,5,9,0
03D,391,21,163,207,0,10,0,2,8,0,6,0,1,5,0,391,21,163,207,0,6,0,1,5,0,10,0,2,8,0
03E,885,21,325,532,7,40,0,18,21,1,16,0,7,9,0,885,21,325,532,7,16,0,7,9,0,40,0,18,21,1
03F,933,56,506,371,0,174,12,71,91,0,72,5,21,46,0,933,56,506,371,0,72,5,21,46,0,174,12,71,91,0
03G,302,17,96,185,4,6,0,1,5,0,6,0,4,2,0,302,17,96,185,4,6,0,4,2,0,6,0,1,5,0
03H,384,33,191,160,0,9,0,5,4,0,12,0,7,5,0,384,33,191,160,0,12,0,7,5,0,9,0,5,4,0
03I,657,30,188,425,14,123,7,19,94,3,83,1,18,64,0,657,30,188,425,14,83,1,18,64,0,123,7,19,94,3
03L,204,4,54,146,0,10,0,2,8,0,2,0,1,1,0,204,4,54,146,0,2,0,1,1,0,10,0,2,8,0
03M,337,9,135,190,3,87,2,20,65,0,38,1,6,31,0,337,9,135,190,3,38,1,6,31,0,87,2,20,65,0
03N,881,20,291,552,18,35,1,12,22,0,27,0,6,20,1,881,20,291,552,18,27,0,6,20,1,35,1,12,22,0
03P1A,1592,45,824,710,13,243,8,117,118,0,116,0,50,65,1,1592,45,824,710,13,116,0,50,65,1,243,8,117,118,0
03P2,21,2,3,15,1,1,0,0,0,1,0,0,0,0,0,21,2,3,15,1,0,0,0,0,0,1,0,0,0,1
03S,338,12,156,166,4,7,1,0,6,0,6,0,1,5,0,338,12,156,166,4,6,0,1,5,0,7,1,0,6,0
03T,718,22,307,382,7,32,0,17,15,0,17,0,5,12,0,718,22,307,382,7,17,0,5,12,0,32,0,17,15,0
04A,493,17,218,258,0,11,1,2,8,0,12,0,3,9,0,493,17,218,258,0,12,0,3,9,0,11,1,2,8,0
04B,941,36,391,499,15,23,1,12,10,0,11,0,4,7,0,941,36,391,499,15,11,0,4,7,0,23,1,12,10,0
04C,64,0,33,31,0,0,0,0,0,0,0,0,0,0,0,64,0,33,31,0,0,0,0,0,0,0,0,0,0,0
04D,710,36,322,352,0,17,1,3,13,0,4,0,1,3,0,710,36,322,352,0,4,0,1,3,0,17,1,3,13,0
04F,853,32,349,472,0,77,2,32,43,0,28,0,6,22,0,853,32,349,472,0,28,0,6,22,0,77,2,32,43,0
04G,306,7,118,181,0,8,0,4,4,0,7,0,5,2,0,306,7,118,181,0,7,0,5,2,0,8,0,4,4,0
04I,504,50,278,174,2,52,9,25,18,0,19,1,8,10,0,504,50,278,174,2,19,1,8,10,0,52,9,25,18,0
04J,412,7,105,293,7,5,1,0,4,0,4,0,3,1,0,412,7,105,293,7,4,0,3,1,0,5,1,0,4,0
04K,1138,44,507,585,2,34,5,11,18,0,21,1,7,13,0,1138,44,507,585,2,21,1,7,13,0,34,5,11,18,0
04L,740,23,313,395,9,28,3,12,13,0,24,0,6,16,2,740,23,313,395,9,24,0,6,16,2,28,3,12,13,0
04M,319,6,88,225,0,8,2,2,4,0,3,0,1,2,0,319,6,88,225,0,3,0,1,2,0,8,2,2,4,0
04S,1119,37,481,598,3,23,2,13,8,0,15,0,5,10,0,1119,37,481,598,3,15,0,5,10,0,23,2,13,8,0
04T,540,9,229,302,0,9,0,3,6,0,6,0,1,5,0,540,9,229,302,0,6,0,1,5,0,9,0,3,6,0
04V,1201,42,463,694,2,20,1,7,12,0,17,0,5,12,0,1201,42,463,694,2,17,0,5,12,0,20,1,7,12,0
04W,705,14,110,530,51,9,0,0,8,1,10,2,3,5,0,705,14,110,530,51,10,2,3,5,0,9,0,0,8,1
04X1,923,28,443,445,7,28,0,13,15,0,20,0,11,8,1,923,28,443,445,7,20,0,11,8,1,28,0,13,15,0
04X2,318,9,174,133,2,8,0,3,5,0,11,0,7,4,0,318,9,174,133,2,11,0,7,4,0,8,0,3,5,0
05A1,1465,65,694,704,2,147,3,46,97,1,83,1,26,56,0,1465,65,694,704,2,83,1,26,56,0,147,3,46,97,1
05A2,1502,38,696,767,1,121,3,47,70,1,61,0,19,42,0,1502,38,696,767,1,61,0,19,42,0,121,3,47,70,1
05B,852,28,333,482,9,55,1,17,36,1,37,2,9,26,0,852,28,333,482,9,37,2,9,26,0,55,1,17,36,1
05C,63,2,32,27,2,3,0,1,2,0,0,0,0,0,0,63,2,32,27,2,0,0,0,0,0,3,0,1,2,0
05D,117,2,49,49,17,8,0,3,3,2,3,0,1,2,0,117,2,49,49,17,3,0,1,2,0,8,0,3,3,2
05F,71,1,39,31,0,7,0,3,4,0,2,1,1,0,0,71,1,39,31,0,2,1,1,0,0,7,0,3,4,0
05J,350,14,177,155,4,47,4,14,29,0,21,0,4,17,0,350,14,177,155,4,21,0,4,17,0,47,4,14,29,0
05K,1255,29,582,626,18,85,6,36,42,1,55,2,20,30,3,1255,29,582,626,18,55,2,20,30,3,85,6,36,42,1
06B,1012,52,473,487,0,197,4,81,112,0,69,3,17,49,0,1012,52,473,487,0,69,3,17,49,0,197,4,81,112,0
06D,4561,277,2491,1790,3,1152,70,494,587,1,255,14,93,148,0,4561,277,2491,1790,3,255,14,93,148,0,1152,70,494,587,1
06E,1216,66,574,575,1,253,17,89,147,0,53,4,19,30,0,1216,66,574,575,1,53,4,19,30,0,253,17,89,147,0
06F,1455,69,610,775,1,281,9,90,182,0,107,3,23,81,0,1455,69,610,775,1,107,3,23,81,0,281,9,90,182,0
06G,307,25,151,131,0,53,5,17,31,0,13,0,3,10,0,307,25,151,131,0,13,0,3,10,0,53,5,17,31,0
06I,1448,54,805,588,1,233,7,94,132,0,83,3,31,49,0,1448,54,805,588,1,83,3,31,49,0,233,7,94,132,0
06J,1488,95,777,615,1,303,9,133,161,0,92,6,34,52,0,1488,95,777,615,1,92,6,34,52,0,303,9,133,161,0
06L1,497,25,255,217,0,145,12,45,88,0,28,0,11,17,0,497,25,255,217,0,28,0,11,17,0,145,12,45,88,0
06L2,338,21,170,147,0,132,5,50,77,0,15,0,6,9,0,338,21,170,147,0,15,0,6,9,0,132,5,50,77,0
06N,794,55,484,255,0,342,11,190,141,0,66,5,20,41,0,794,55,484,255,0,66,5,20,41,0,342,11,190,141,0
06Q,243,4,151,88,0,35,0,14,21,0,10,0,4,6,0,243,4,151,88,0,10,0,4,6,0,35,0,14,21,0
06R,885,72,442,371,0,211,9,78,123,1,40,1,11,28,0,885,72,442,371,0,40,1,11,28,0,211,9,78,123,1
07A,2123,134,1286,703,0,1752,118,974,659,1,209,6,93,110,0,2123,134,1286,703,0,209,6,93,110,0,1752,118,974,659,1
07B,899,73,571,251,4,1149,48,699,397,5,101,5,48,48,0,899,73,571,251,4,101,5,48,48,0,1149,48,699,397,5
07C,1306,234,736,336,0,1151,199,591,361,0,88,13,36,39,0,1306,234,736,336,0,88,13,36,39,0,1151,199,591,361,0
07D,1289,74,805,406,4,992,53,525,412,2,143,4,54,85,0,1289,74,805,406,4,143,4,54,85,0,992,53,525,412,2
07E,900,66,557,276,1,431,35,269,126,1,61,1,25,35,0,900,66,557,276,1,61,1,25,35,0,431,35,269,126,1
07F,1103,72,658,369,4,790,36,386,365,3,91,1,32,57,1,1103,72,658,369,4,91,1,32,57,1,790,36,386,365,3
07H,775,56,464,255,0,589,31,294,264,0,51,2,20,29,0,775,56,464,255,0,51,2,20,29,0,589,31,294,264,0
07J,1129,42,579,499,9,612,16,245,347,4,141,6,38,95,2,1129,42,579,499,9,141,6,38,95,2,612,16,245,347,4
07M,777,28,400,347,2,438,29,167,242,0,84,3,30,51,0,777,28,400,347,2,84,3,30,51,0,438,29,167,242,0
07N,795,41,443,311,0,190,8,78,104,0,54,0,15,39,0,795,41,443,311,0,54,0,15,39,0,190,8,78,104,0
08A,931,66,588,276,1,944,54,573,316,1,79,5,35,39,0,931,66,588,276,1,79,5,35,39,0,944,54,573,316,1
08B,982,59,696,226,1,1221,27,821,369,4,123,5,74,44,0,982,59,696,226,1,123,5,74,44,0,1221,27,821,369,4
08C,328,45,217,65,1,607,40,400,166,1,45,1,29,15,0,328,45,217,65,1,45,1,29,15,0,607,40,400,166,1
08D,283,28,193,59,3,436,27,292,117,0,33,5,16,12,0,283,28,193,59,3,33,5,16,12,0,436,27,292,117,0
08E,842,92,500,248,2,966,62,573,331,0,84,12,33,39,0,842,92,500,248,2,84,12,33,39,0,966,62,573,331,0
08F1,612,45,385,182,0,879,46,502,330,1,88,10,43,35,0,612,45,385,182,0,88,10,43,35,0,879,46,502,330,1
08G,932,82,506,341,3,673,34,333,304,2,60,0,18,42,0,932,82,506,341,3,60,0,18,42,0,673,34,333,304,2
08H,849,77,550,221,1,831,59,513,258,1,74,7,37,30,0,849,77,550,221,1,74,7,37,30,0,831,59,513,258,1
08J,1049,81,635,333,0,855,42,485,326,2,118,2,55,61,0,1049,81,635,333,0,118,2,55,61,0,855,42,485,326,2
08K,397,14,231,151,1,260,14,111,133,2,64,0,28,36,0,397,14,231,151,1,64,0,28,36,0,260,14,111,133,2
08L,1688,104,1060,517,7,751,45,409,295,2,182,10,76,95,1,1688,104,1060,517,7,182,10,76,95,1,751,45,409,295,2
08M,558,44,303,208,3,693,28,360,303,2,43,4,20,19,0,558,44,303,208,3,43,4,20,19,0,693,28,360,303,2
08N1,232,31,144,55,2,313,14,176,123,0,32,0,15,17,0,232,31,144,55,2,32,0,15,17,0,313,14,176,123,0
08N2,500,107,287,106,0,402,53,216,133,0,22,4,13,5,0,500,107,287,106,0,22,4,13,5,0,402,53,216,133,0
08P,633,11,363,258,1,168,6,80,82,0,50,2,18,30,0,633,11,363,258,1,50,2,18,30,0,168,6,80,82,0
09A,1504,48,907,541,8,465,14,237,214,0,138,3,66,69,0,1504,48,907,541,8,138,3,66,69,0,465,14,237,214,0
09B,197,19,81,97,0,6,0,1,5,0,2,0,0,2,0,197,19,81,97,0,2,0,0,2,0,6,0,1,5,0
09C,1552,118,862,571,1,33,4,14,15,0,24,3,11,10,0,1552,118,862,571,1,24,3,11,10,0,33,4,14,15,0
09D,910,52,430,428,0,19,1,9,9,0,10,0,3,7,0,910,52,430,428,0,10,0,3,7,0,19,1,9,9,0
09E,1222,40,725,456,1,49,4,24,21,0,35,3,16,16,0,1222,40,725,456,1,35,3,16,16,0,49,4,24,21,0
09F,1489,118,845,526,0,969,49,522,397,1,177,14,72,91,0,1489,118,845,526,0,177,14,72,91,0,969,49,522,397,1
09G,1480,55,781,644,0,399,10,177,212,0,120,3,44,73,0,1480,55,781,644,0,120,3,44,73,0,399,10,177,212,0
09H,466,17,229,220,0,85,7,28,50,0,27,0,10,17,0,466,17,229,220,0,27,0,10,17,0,85,7,28,50,0
09I,518,11,252,255,0,10,0,7,3,0,5,0,2,3,0,518,11,252,255,0,5,0,2,3,0,10,0,7,3,0
09K,1919,92,1052,775,0,59,4,29,26,0,30,0,14,16,0,1919,92,1052,775,0,30,0,14,16,0,59,4,29,26,0
09M,993,30,693,270,0,288,18,143,127,0,114,2,66,46,0,993,30,693,270,0,114,2,66,46,0,288,18,143,127,0
10A,1713,89,1077,544,3,29,3,12,14,0,25,2,11,12,0,1713,89,1077,544,3,25,2,11,12,0,29,3,12,14,0
10B,2514,163,1724,622,5,56,0,35,21,0,32,1,18,13,0,2514,163,1724,622,5,32,1,18,13,0,56,0,35,21,0
10C,1259,69,801,382,7,15,3,8,4,0,9,1,4,4,0,1259,69,801,382,7,9,1,4,4,0,15,3,8,4,0
10D,2057,84,1350,603,20,53,1,29,22,1,16,0,12,4,0,2057,84,1350,603,20,16,0,12,4,0,53,1,29,22,1
10E,545,35,309,200,1,8,1,3,4,0,9,2,1,6,0,545,35,309,200,1,9,2,1,6,0,8,1,3,4,0
10F,600,42,313,243,2,18,0,8,10,0,7,0,4,3,0,600,42,313,243,2,7,0,4,3,0,18,0,8,10,0
10G,819,33,534,252,0,21,2,7,12,0,2,0,1,1,0,819,33,534,252,0,2,0,1,1,0,21,2,7,12,0
10H1,214,8,138,68,0,3,0,1,2,0,3,0,1,2,0,214,8,138,68,0,3,0,1,2,0,3,0,1,2,0
10H2,1095,37,632,423,3,31,0,16,15,0,23,0,16,7,0,1095,37,632,423,3,23,0,16,7,0,31,0,16,15,0
10I,242,14,185,41,2,10,0,6,4,0,5,0,5,0,0,242,14,185,41,2,5,0,5,0,0,10,0,6,4,0
10J,437,18,151,260,8,13,1,7,4,1,6,0,2,4,0,437,18,151,260,8,6,0,2,4,0,13,1,7,4,1
10K,842,33,523,286,0,32,0,15,17,0,11,0,3,8,0,842,33,523,286,0,11,0,3,8,0,32,0,15,17,0
10M,1233,47,566,609,11,31,4,14,13,0,20,1,7,12,0,1233,47,566,609,11,20,1,7,12,0,31,4,14,13,0
10P,715,39,365,309,2,17,0,6,11,0,11,0,7,4,0,715,39,365,309,2,11,0,7,4,0,17,0,6,11,0
10R,367,7,135,225,0,8,0,4,4,0,5,1,1,3,0,367,7,135,225,0,5,1,1,3,0,8,0,4,4,0
11B,3038,116,2048,863,11,64,1,41,22,0,37,1,23,13,0,3038,116,2048,863,11,37,1,23,13,0,64,1,41,22,0
11C,1883,66,1545,268,4,33,0,30,3,0,18,0,14,4,0,1883,66,1545,268,4,18,0,14,4,0,33,0,30,3,0
11E1,617,19,396,199,3,16,2,5,9,0,12,1,5,6,0,617,19,396,199,3,12,1,5,6,0,16,2,5,9,0
11E2,496,14,346,136,0,6,0,4,2,0,7,0,4,3,0,496,14,346,136,0,7,0,4,3,0,6,0,4,2,0
11E3,1711,38,1168,504,1,38,2,16,20,0,23,0,10,13,0,1711,38,1168,504,1,23,0,10,13,0,38,2,16,20,0
11G,972,37,477,454,4,19,0,9,10,0,14,1,7,6,0,972,37,477,454,4,14,1,7,6,0,19,0,9,10,0
11H,347,19,194,134,0,12,0,6,6,0,4,0,2,2,0,347,19,194,134,0,4,0,2,2,0,12,0,6,6,0
11J,993,58,532,401,2,28,2,14,12,0,6,0,2,4,0,993,58,532,401,2,6,0,2,4,0,28,2,14,12,0
11K,1079,37,636,405,1,27,1,12,14,0,18,0,6,12,0,1079,37,636,405,1,18,0,6,12,0,27,1,12,14,0
11M,1574,43,959,568,4,29,1,16,12,0,18,2,10,6,0,1574,43,959,568,4,18,2,10,6,0,29,1,16,12,0
11N,1389,49,905,422,13,30,0,15,15,0,15,0,6,9,0,1389,49,905,422,13,15,0,6,9,0,30,0,15,15,0
11P,1013,74,495,444,0,18,0,7,11,0,14,0,6,8,0,1013,74,495,444,0,14,0,6,8,0,18,0,7,11,0
11R,768,35,384,347,2,16,0,9,7,0,7,1,4,2,0,768,35,384,347,2,7,1,4,2,0,16,0,9,7,0
12A,2389,72,1188,1121,8,111,3,37,69,2,65,0,23,42,0,2389,72,1188,1121,8,65,0,23,42,0,111,3,37,69,2
12D,579,13,272,284,10,11,2,2,7,0,9,0,6,3,0,579,13,272,284,10,9,0,6,3,0,11,2,2,7,0
12E1,574,24,260,278,12,26,1,20,5,0,8,0,3,4,1,574,24,260,278,12,8,0,3,4,1,26,1,20,5,0
12F,437,13,177,246,1,10,0,2,8,0,9,0,3,5,1,437,13,177,246,1,9,0,3,5,1,10,0,2,8,0
12G,424,9,136,278,1,27,0,6,21,0,9,0,3,6,0,424,9,136,278,1,9,0,3,6,0,27,0,6,21,0
12H,1664,54,710,895,5,45,4,13,28,0,22,0,7,15,0,1664,54,710,895,5,22,0,7,15,0,45,4,13,28,0
12I,425,4,222,197,2,7,0,1,6,0,4,0,2,2,0,425,4,222,197,2,4,0,2,2,0,7,0,1,6,0
12J,1201,32,525,644,0,26,4,12,10,0,19,2,6,11,0,1201,32,525,644,0,19,2,6,11,0,26,4,12,10,0
12K,1299,28,465,794,12,65,1,26,36,2,36,0,14,22,0,1299,28,465,794,12,36,0,14,22,0,65,1,26,36,2
12L,252,8,77,166,1,5,1,1,3,0,0,0,0,0,0,252,8,77,166,1,0,0,0,0,0,5,1,1,3,0
12M,1243,30,536,677,0,30,3,8,19,0,12,0,7,5,0,1243,30,536,677,0,12,0,7,5,0,30,3,8,19,0
12N,359,2,102,255,0,8,0,3,5,0,6,0,2,4,0,359,2,102,255,0,6,0,2,4,0,8,0,3,5,0
12S,908,3,591,312,2,19,0,11,8,0,12,0,4,8,0,908,3,591,312,2,12,0,4,8,0,19,0,11,8,0
AP01A,587,52,372,161,2,732,34,516,181,1,44,1,26,17,0,587,52,372,161,2,44,1,26,17,0,732,34,516,181,1
AP01B,247,7,160,79,1,203,13,133,57,0,30,0,17,13,0,247,7,160,79,1,30,0,17,13,0,203,13,133,57,0
AP01C,655,39,446,170,0,831,54,592,185,0,84,3,48,33,0,655,39,446,170,0,84,3,48,33,0,831,54,592,185,0
AP01D,293,22,197,74,0,222,13,144,65,0,29,3,8,18,0,293,22,197,74,0,29,3,8,18,0,222,13,144,65,0
AP02B,109,45,47,17,0,122,45,55,22,0,7,1,3,3,0,109,45,47,17,0,7,1,3,3,0,122,45,55,22,0
AP03,298,5,149,143,1,96,0,37,57,2,12,0,3,9,0,298,5,149,143,1,12,0,3,9,0,96,0,37,57,2
AP04A,439,24,312,102,1,731,49,486,195,1,59,4,37,18,0,439,24,312,102,1,59,4,37,18,0,731,49,486,195,1
AP04B,137,6,103,28,0,165,8,117,40,0,16,1,11,4,0,137,6,103,28,0,16,1,11,4,0,165,8,117,40,0
AP05,1275,87,836,348,4,1793,107,1085,600,1,111,10,56,45,0,1275,87,836,348,4,111,10,56,45,0,1793,107,1085,600,1
AP06,485,21,376,87,1,735,34,528,173,0,82,2,58,22,0,485,21,376,87,1,82,2,58,22,0,735,34,528,173,0
AP07A,962,60,630,272,0,1091,71,649,370,1,116,3,57,56,0,962,60,630,272,0,116,3,57,56,0,1091,71,649,370,1
AP07B,463,32,337,93,1,604,43,400,160,1,46,3,28,14,1,463,32,337,93,1,46,3,28,14,1,604,43,400,160,1
AP09A,1324,89,868,364,3,1366,92,903,369,2,135,5,67,62,1,1324,89,868,364,3,135,5,67,62,1,1366,92,903,369,2
AP09B,300,8,218,74,0,224,7,160,57,0,20,3,9,8,0,300,8,218,74,0,20,3,9,8,0,224,7,160,57,0
AP021,879,47,635,195,2,1010,70,703,235,2,118,10,77,31,0,879,47,635,195,2,118,10,77,31,0,1010,70,703,235,2
AP022,706,43,525,138,0,677,55,434,188,0,77,2,41,34,0,706,43,525,138,0,77,2,41,34,0,677,55,434,188,0
AP10,249,22,167,58,2,421,19,273,129,0,38,2,18,18,0,249,22,167,58,2,38,2,18,18,0,421,19,273,129,0
AP12A,257,9,148,100,0,141,2,92,47,0,15,1,8,6,0,257,9,148,100,0,15,1,8,6,0,141,2,92,47,0
AP12B,255,7,151,97,0,118,1,69,48,0,14,1,9,4,0,255,7,151,97,0,14,1,9,4,0,118,1,69,48,0
AP12C,353,10,250,93,0,472,21,353,98,0,33,0,19,14,0,353,10,250,93,0,33,0,19,14,0,472,21,353,98,0
AP13,838,39,617,182,0,915,59,639,217,0,55,0,40,15,0,838,39,617,182,0,55,0,40,15,0,915,59,639,217,0
AP14,942,68,621,252,1,1078,62,727,287,2,128,16,65,47,0,942,68,621,252,1,128,16,65,47,0,1078,62,727,287,2
CH01,107,1,57,48,1,44,0,28,16,0,6,1,4,1,0,107,1,57,48,1,6,1,4,1,0,44,0,28,16,0
CH02,135,5,84,45,1,182,4,78,99,1,3,0,3,0,0,135,5,84,45,1,3,0,3,0,0,182,4,78,99,1
CH03,75,3,38,34,0,160,1,66,93,0,10,0,4,6,0,75,3,38,34,0,10,0,4,6,0,160,1,66,93,0
CH04A,185,10,112,63,0,204,5,109,90,0,14,1,5,8,0,185,10,112,63,0,14,1,5,8,0,204,5,109,90,0
CH05,49,0,30,19,0,211,5,109,97,0,13,0,2,11,0,49,0,30,19,0,13,0,2,11,0,211,5,109,97,0
CP01B,157,8,103,46,0,73,6,47,20,0,9,0,4,5,0,157,8,103,46,0,9,0,4,5,0,73,6,47,20,0
CP011,529,7,349,169,4,126,7,84,35,0,23,1,6,16,0,529,7,349,169,4,23,1,6,16,0,126,7,84,35,0
CP012,590,25,409,154,2,163,2,114,47,0,29,2,13,14,0,590,25,409,154,2,29,2,13,14,0,163,2,114,47,0
CP02,445,16,280,148,1,73,2,51,20,0,26,0,16,10,0,445,16,280,148,1,26,0,16,10,0,73,2,51,20,0
CP04,23,2,13,7,1,2,1,1,0,0,0,0,0,0,0,23,2,13,7,1,0,0,0,0,0,2,1,1,0,0
CP05B,57,2,29,26,0,1,0,1,0,0,1,0,1,0,0,57,2,29,26,0,1,0,1,0,0,1,0,1,0,0
CP051,877,24,558,289,6,39,5,25,9,0,10,0,4,6,0,877,24,558,289,6,10,0,4,6,0,39,5,25,9,0
CP06A,213,2,129,79,3,12,0,5,7,0,2,0,1,1,0,213,2,129,79,3,2,0,1,1,0,12,0,5,7,0
CP07A,441,5,194,233,9,10,1,3,6,0,10,1,2,7,0,441,5,194,233,9,10,1,2,7,0,10,1,3,6,0
CP081,133,5,51,76,1,4,0,1,3,0,2,0,1,1,0,133,5,51,76,1,2,0,1,1,0,4,0,1,3,0
CP083,83,1,21,59,2,1,0,0,1,0,1,0,0,1,0,83,1,21,59,2,1,0,0,1,0,1,0,0,1,0
CP08A,209,1,78,121,9,4,0,2,2,0,3,0,0,3,0,209,1,78,121,9,3,0,0,3,0,4,0,2,2,0
EP01,2572,56,1554,953,9,266,5,135,126,0,70,2,32,36,0,2572,56,1554,953,9,70,2,32,36,0,266,5,135,126,0
EP02,2634,72,1610,948,4,275,10,158,107,0,75,0,42,33,0,2634,72,1610,948,4,75,0,42,33,0,275,10,158,107,0
EP03,3314,95,2220,991,8,173,10,109,54,0,63,2,36,25,0,3314,95,2220,991,8,63,2,36,25,0,173,10,109,54,0
EP04-05,2549,57,1566,922,4,84,7,49,28,0,25,0,12,13,0,2549,57,1566,922,4,25,0,12,13,0,84,7,49,28,0
EP04-13,1021,20,725,276,0,17,0,12,5,0,11,0,5,6,0,1021,20,725,276,0,11,0,5,6,0,17,0,12,5,0
FA01A,4191,115,3056,999,21,598,45,424,127,2,86,3,47,36,0,4191,115,3056,999,21,86,3,47,36,0,598,45,424,127,2
FA01B,358,14,238,103,3,20,1,9,10,0,6,2,0,4,0,358,14,238,103,3,6,2,0,4,0,20,1,9,10,0
HP01,1205,35,521,642,7,495,18,206,270,1,70,1,27,42,0,1205,35,521,642,7,70,1,27,42,0,495,18,206,270,1
JC01,1870,126,1160,577,7,1322,82,767,471,2,120,7,61,51,1,1870,126,1160,577,7,120,7,61,51,1,1322,82,767,471,2
JC02,722,52,446,222,2,697,91,384,222,0,35,7,19,9,0,722,52,446,222,2,35,7,19,9,0,697,91,384,222,0
JC03A,196,17,118,61,0,199,15,122,62,0,17,4,7,6,0,196,17,118,61,0,17,4,7,6,0,199,15,122,62,0
JC03B,549,21,324,203,1,373,9,204,160,0,38,2,14,22,0,549,21,324,203,1,38,2,14,22,0,373,9,204,160,0
JC04A,1410,140,1015,252,3,1381,136,931,314,0,151,24,86,41,0,1410,140,1015,252,3,151,24,86,41,0,1381,136,931,314,0
JC04B,91,3,63,25,0,74,4,51,19,0,9,2,7,0,0,91,3,63,25,0,9,2,7,0,0,74,4,51,19,0
JC05,736,31,513,192,0,651,15,445,189,2,81,2,42,37,0,736,31,513,192,0,81,2,42,37,0,651,15,445,189,2
JC06,713,65,427,220,1,1025,103,593,329,0,55,6,21,28,0,713,65,427,220,1,55,6,21,28,0,1025,103,593,329,0
JC07,1390,89,916,384,1,1207,60,814,333,0,107,4,66,37,0,1390,89,916,384,1,107,4,66,37,0,1207,60,814,333,0
JC08,872,38,632,198,4,964,43,705,208,8,110,9,56,43,2,872,38,632,198,4,110,9,56,43,2,964,43,705,208,8
JC09,1059,57,678,323,1,806,49,470,285,2,89,2,45,42,0,1059,57,678,323,1,89,2,45,42,0,806,49,470,285,2
JC10,800,42,518,239,1,619,36,347,234,2,69,3,36,30,0,800,42,518,239,1,69,3,36,30,0,619,36,347,234,2
JC11,897,61,610,226,0,1224,62,845,317,0,77,4,46,27,0,897,61,610,226,0,77,4,46,27,0,1224,62,845,317,0
JC12,579,56,434,87,2,1177,95,883,196,3,41,6,24,11,0,579,56,434,87,2,41,6,24,11,0,1177,95,883,196,3
JC13A,449,39,325,85,0,1011,69,724,218,0,61,5,30,26,0,449,39,325,85,0,61,5,30,26,0,1011,69,724,218,0
JC13B,38,3,27,8,0,153,17,113,23,0,9,2,5,2,0,38,3,27,8,0,9,2,5,2,0,153,17,113,23,0
JC14,708,72,508,127,1,1000,81,709,210,0,60,5,37,18,0,708,72,508,127,1,60,5,37,18,0,1000,81,709,210,0
JC15,294,16,186,92,0,202,12,111,79,0,29,0,15,14,0,294,16,186,92,0,29,0,15,14,0,202,12,111,79,0
JC16,802,41,525,236,0,907,38,532,336,1,102,6,46,50,0,802,41,525,236,0,102,6,46,50,0,907,38,532,336,1
JC18,791,41,568,181,1,1100,51,688,359,2,100,3,50,45,2,791,41,568,181,1,100,3,50,45,2,1100,51,688,359,2
JC19,1251,63,969,217,2,1239,60,962,215,2,143,11,88,44,0,1251,63,969,217,2,143,11,88,44,0,1239,60,962,215,2
ML011,627,21,479,125,2,985,49,699,233,4,87,4,55,28,0,627,21,479,125,2,87,4,55,28,0,985,49,699,233,4
ML012,103,6,73,24,0,232,11,181,40,0,12,3,4,5,0,103,6,73,24,0,12,3,4,5,0,232,11,181,40,0
ML01B,19,2,17,0,0,37,0,29,8,0,3,0,2,1,0,19,2,17,0,0,3,0,2,1,0,37,0,29,8,0
ML021,300,10,197,93,0,938,14,620,304,0,65,0,34,31,0,300,10,197,93,0,65,0,34,31,0,938,14,620,304,0
ML022,35,2,26,7,0,104,3,70,31,0,17,0,10,7,0,35,2,26,7,0,17,0,10,7,0,104,3,70,31,0
ML023,266,21,177,67,1,716,23,531,161,1,49,3,31,15,0,266,21,177,67,1,49,3,31,15,0,716,23,531,161,1
ML024,16,0,14,2,0,57,5,42,10,0,3,0,1,2,0,16,0,14,2,0,3,0,1,2,0,57,5,42,10,0
ML03,755,53,517,181,4,1799,105,1219,471,4,131,14,68,49,0,755,53,517,181,4,131,14,68,49,0,1799,105,1219,471,4
ML04A,433,31,290,112,0,738,43,529,165,1,61,3,39,19,0,433,31,290,112,0,61,3,39,19,0,738,43,529,165,1
ML04B,250,27,164,59,0,571,41,373,157,0,36,3,15,18,0,250,27,164,59,0,36,3,15,18,0,571,41,373,157,0
ML04C,18,1,15,2,0,52,0,43,9,0,1,0,0,1,0,18,1,15,2,0,1,0,0,1,0,52,0,43,9,0
ML05A,18,2,12,4,0,14,2,10,2,0,0,0,0,0,0,18,2,12,4,0,0,0,0,0,0,14,2,10,2,0
ML05B,84,7,49,28,0,185,10,125,50,0,4,0,2,2,0,84,7,49,28,0,4,0,2,2,0,185,10,125,50,0
ML05C,1243,74,815,354,0,1414,93,870,450,1,116,6,54,55,1,1243,74,815,354,0,116,6,54,55,1,1414,93,870,450,1
ML06A,687,12,448,222,5,367,13,197,156,1,46,0,27,19,0,687,12,448,222,5,46,0,27,19,0,367,13,197,156,1
ML06B,1032,36,652,344,0,710,40,442,228,0,92,4,51,37,0,1032,36,652,344,0,92,4,51,37,0,710,40,442,228,0
ML071,32,3,16,13,0,45,0,23,22,0,3,0,3,0,0,32,3,16,13,0,3,0,3,0,0,45,0,23,22,0
ML072,220,15,123,81,1,546,53,271,222,0,30,1,10,19,0,220,15,123,81,1,30,1,10,19,0,546,53,271,222,0
ML07A,139,9,86,42,2,330,15,171,144,0,21,2,11,8,0,139,9,86,42,2,21,2,11,8,0,330,15,171,144,0
MP01,161,4,31,126,0,151,4,22,124,1,20,0,0,20,0,161,4,31,126,0,20,0,0,20,0,151,4,22,124,1
PA01,1077,29,600,444,4,390,16,243,131,0,33,2,19,12,0,1077,29,600,444,4,33,2,19,12,0,390,16,243,131,0
RW01,1253,115,807,329,2,2034,174,1247,613,0,145,9,57,79,0,1253,115,807,329,2,145,9,57,79,0,2034,174,1247,613,0
RW02,1232,61,789,381,1,1450,82,900,463,5,173,7,92,73,1,1232,61,789,381,1,173,7,92,73,1,1450,82,900,463,5
RW03,1445,59,888,493,5,1189,65,705,417,2,150,9,63,78,0,1445,59,888,493,5,150,9,63,78,0,1189,65,705,417,2
RW04,599,18,445,136,0,674,35,427,212,0,86,3,46,37,0,599,18,445,136,0,86,3,46,37,0,674,35,427,212,0
RW05,710,27,412,270,1,424,27,228,169,0,72,3,38,31,0,710,27,412,270,1,72,3,38,31,0,424,27,228,169,0
RW06,936,47,587,302,0,921,57,503,361,0,104,6,51,47,0,936,47,587,302,0,104,6,51,47,0,921,57,503,361,0
RW07A,532,13,263,251,5,111,1,65,45,0,40,0,19,21,0,532,13,263,251,5,40,0,19,21,0,111,1,65,45,0
RW07B,170,3,89,77,1,63,4,30,29,0,11,0,5,6,0,170,3,89,77,1,11,0,5,6,0,63,4,30,29,0
RW08,527,66,309,151,1,960,91,569,298,2,78,8,37,33,0,527,66,309,151,1,78,8,37,33,0,960,91,569,298,2
RW09,1404,124,951,325,4,2761,200,1692,856,13,190,16,105,69,0,1404,124,951,325,4,190,16,105,69,0,2761,200,1692,856,13
RW10,935,88,609,235,3,1361,104,814,440,3,123,7,70,46,0,935,88,609,235,3,123,7,70,46,0,1361,104,814,440,3
RW11A,830,35,517,275,3,819,33,444,342,0,105,2,47,55,1,830,35,517,275,3,105,2,47,55,1,819,33,444,342,0
RW12,1627,93,1088,441,5,2555,172,1514,867,2,192,7,96,89,0,1627,93,1088,441,5,192,7,96,89,0,2555,172,1514,867,2
RW13,1061,49,654,355,3,1286,78,717,489,2,158,5,80,73,0,1061,49,654,355,3,158,5,80,73,0,1286,78,717,489,2
RW16,560,24,363,173,0,747,52,438,257,0,54,3,27,24,0,560,24,363,173,0,54,3,27,24,0,747,52,438,257,0
RW17,972,44,648,276,4,660,33,426,201,0,110,5,57,48,0,972,44,648,276,4,110,5,57,48,0,660,33,426,201,0
RW19,569,45,361,163,0,858,47,479,332,0,76,6,36,34,0,569,45,361,163,0,76,6,36,34,0,858,47,479,332,0
RW20,869,35,672,159,3,1039,43,740,255,1,92,8,54,29,1,869,35,672,159,3,92,8,54,29,1,1039,43,740,255,1
RW21,819,50,572,197,0,1327,94,933,298,2,112,4,67,41,0,819,50,572,197,0,112,4,67,41,0,1327,94,933,298,2
RW22A,1401,39,911,450,1,940,45,647,248,0,143,7,80,55,1,1401,39,911,450,1,143,7,80,55,1,940,45,647,248,0
SC01B,2710,73,2204,431,2,86,4,67,15,0,27,0,22,5,0,2710,73,2204,431,2,27,0,22,5,0,86,4,67,15,0
SC02,625,29,501,94,1,20,1,14,5,0,9,0,7,2,0,625,29,501,94,1,9,0,7,2,0,20,1,14,5,0
SC04,395,7,241,142,5,222,5,109,107,1,11,1,4,6,0,395,7,241,142,5,11,1,4,6,0,222,5,109,107,1
SC05A,424,11,305,103,5,9,2,4,3,0,13,0,8,5,0,424,11,305,103,5,13,0,8,5,0,9,2,4,3,0
SC05B,2018,48,1640,330,0,67,8,52,7,0,32,1,21,10,0,2018,48,1640,330,0,32,1,21,10,0,67,8,52,7,0
SC05D,1500,26,1121,349,4,135,11,101,23,0,25,1,15,9,0,1500,26,1121,349,4,25,1,15,9,0,135,11,101,23,0
SC07A,3071,72,2358,631,10,350,11,261,76,2,43,1,33,9,0,3071,72,2358,631,10,43,1,33,9,0,350,11,261,76,2
SC08B,1915,40,1315,553,7,63,6,40,17,0,38,0,17,21,0,1915,40,1315,553,7,38,0,17,21,0,63,6,40,17,0
SC08C,56,0,50,6,0,0,0,0,0,0,1,0,1,0,0,56,0,50,6,0,1,0,1,0,0,0,0,0,0,0
SC08D,316,2,214,100,0,7,0,4,3,0,6,1,4,1,0,316,2,214,100,0,6,1,4,1,0,7,0,4,3,0
SC08E,274,4,165,105,0,1,0,0,1,0,6,0,5,1,0,274,4,165,105,0,6,0,5,1,0,1,0,0,1,0
SC08F,361,14,255,92,0,19,1,11,7,0,6,0,4,2,0,361,14,255,92,0,6,0,4,2,0,19,1,11,7,0
SC08G,2,0,1,1,0,0,0,0,0,0,0,0,0,0,0,2,0,1,1,0,0,0,0,0,0,0,0,0,0,0
SC09A,1752,42,1066,625,19,81,8,34,37,2,25,1,13,10,1,1752,42,1066,625,19,25,1,13,10,1,81,8,34,37,2
SC09B,1038,25,789,223,1,33,1,18,13,1,19,0,10,9,0,1038,25,789,223,1,19,0,10,9,0,33,1,18,13,1
SC10,784,20,399,362,3,27,0,18,9,0,14,1,4,9,0,784,20,399,362,3,14,1,4,9,0,27,0,18,9,0
SC11A,828,19,502,305,2,23,2,12,9,0,8,0,4,4,0,828,19,502,305,2,8,0,4,4,0,23,2,12,9,0
SC11B,930,29,574,326,1,24,1,12,11,0,12,0,8,4,0,930,29,574,326,1,12,0,8,4,0,24,1,12,11,0
SC13,1479,39,1184,256,0,85,3,58,24,0,13,1,10,2,0,1479,39,1184,256,0,13,1,10,2,0,85,3,58,24,0
SC14,528,14,382,128,4,18,0,9,9,0,7,0,3,4,0,528,14,382,128,4,7,0,3,4,0,18,0,9,9,0
SC15,3905,110,3028,763,4,168,8,125,35,0,64,4,40,20,0,3905,110,3028,763,4,64,4,40,20,0,168,8,125,35,0
SC16,2873,96,2230,541,6,63,3,38,21,1,24,1,15,8,0,2873,96,2230,541,6,24,1,15,8,0,63,3,38,21,1
SC17A,35,0,27,8,0,0,0,0,0,0,0,0,0,0,0,35,0,27,8,0,0,0,0,0,0,0,0,0,0,0
SC17C,647,21,511,115,0,28,1,16,11,0,9,0,6,3,0,647,21,511,115,0,9,0,6,3,0,28,1,16,11,0
SC18A,305,15,245,45,0,11,2,4,5,0,5,0,4,1,0,305,15,245,45,0,5,0,4,1,0,11,2,4,5,0
SC18B,3184,90,2657,435,2,101,8,71,22,0,39,2,27,10,0,3184,90,2657,435,2,39,2,27,10,0,101,8,71,22,0
SC19A,113,2,94,16,1,3,1,2,0,0,1,0,1,0,0,113,2,94,16,1,1,0,1,0,0,3,1,2,0,0
SC19B,696,16,415,262,3,23,1,11,11,0,1,0,1,0,0,696,16,415,262,3,1,0,1,0,0,23,1,11,11,0
SC211,744,14,503,226,1,30,3,20,7,0,8,0,4,4,0,744,14,503,226,1,8,0,4,4,0,30,3,20,7,0
SC212,1744,29,1240,474,1,112,4,70,38,0,31,0,23,8,0,1744,29,1240,474,1,31,0,23,8,0,112,4,70,38,0
SC23A,2951,54,1721,1172,4,92,3,42,47,0,34,2,13,19,0,2951,54,1721,1172,4,34,2,13,19,0,92,3,42,47,0
SC23B,294,3,198,92,1,8,1,4,3,0,1,0,1,0,0,294,3,198,92,1,1,0,1,0,0,8,1,4,3,0
SC27,1276,38,909,329,0,40,2,20,18,0,11,0,7,4,0,1276,38,909,329,0,11,0,7,4,0,40,2,20,18,0
SC29A,1635,51,989,590,5,51,7,23,21,0,21,2,8,11,0,1635,51,989,590,5,21,2,8,11,0,51,7,23,21,0
SC30A,91,18,58,12,3,2,0,1,1,0,2,0,2,0,0,91,18,58,12,3,2,0,2,0,0,2,0,1,1,0
SC30B,570,14,359,196,1,10,1,3,6,0,11,0,5,6,0,570,14,359,196,1,11,0,5,6,0,10,1,3,6,0
SS01,852,76,526,249,1,1278,90,702,486,0,90,9,35,46,0,852,76,526,249,1,90,9,35,46,0,1278,90,702,486,0
SS02A,414,31,306,72,5,316,21,230,64,1,43,2,27,14,0,414,31,306,72,5,43,2,27,14,0,316,21,230,64,1
SS02B,539,24,401,114,0,197,8,146,43,0,43,2,29,11,1,539,24,401,114,0,43,2,29,11,1,197,8,146,43,0
SS03,492,28,324,140,0,430,15,251,163,1,61,4,27,30,0,492,28,324,140,0,61,4,27,30,0,430,15,251,163,1
SS04,1225,43,795,377,10,675,29,392,251,3,113,4,57,51,1,1225,43,795,377,10,113,4,57,51,1,675,29,392,251,3
SS05,652,46,438,168,0,657,30,408,219,0,66,4,34,28,0,652,46,438,168,0,66,4,34,28,0,657,30,408,219,0
SS06,465,28,340,83,14,523,30,337,149,7,44,1,24,18,1,465,28,340,83,14,44,1,24,18,1,523,30,337,149,7
SS07A,265,40,176,49,0,361,69,214,78,0,29,3,16,10,0,265,40,176,49,0,29,3,16,10,0,361,69,214,78,0
SS07B,180,19,121,40,0,152,10,91,51,0,28,0,12,16,0,180,19,121,40,0,28,0,12,16,0,152,10,91,51,0
SS07C,246,59,126,61,0,234,55,126,53,0,18,4,6,8,0,246,59,126,61,0,18,4,6,8,0,234,55,126,53,0
SS08A,502,21,306,173,2,266,11,140,114,1,39,0,14,25,0,502,21,306,173,2,39,0,14,25,0,266,11,140,114,1
SS08B,210,14,149,47,0,210,15,133,62,0,18,1,7,10,0,210,14,149,47,0,18,1,7,10,0,210,15,133,62,0
SS08C,230,14,166,50,0,133,7,79,47,0,21,1,10,10,0,230,14,166,50,0,21,1,10,10,0,133,7,79,47,0
SS08D,431,24,294,113,0,280,25,172,83,0,36,2,24,10,0,431,24,294,113,0,36,2,24,10,0,280,25,172,83,0
SS09A,969,112,652,205,0,1122,66,689,367,0,92,4,55,33,0,969,112,652,205,0,92,4,55,33,0,1122,66,689,367,0
SS09B,1122,115,785,222,0,1266,77,854,334,1,97,10,52,35,0,1122,115,785,222,0,97,10,52,35,0,1266,77,854,334,1
SS11A,1383,86,839,450,8,914,68,472,368,6,124,5,59,59,1,1383,86,839,450,8,124,5,59,59,1,914,68,472,368,6
SS11B,489,19,316,154,0,224,12,148,61,3,42,2,17,23,0,489,19,316,154,0,42,2,17,23,0,224,12,148,61,3
SS11C,117,3,61,53,0,33,2,20,11,0,6,0,2,4,0,117,3,61,53,0,6,0,2,4,0,33,2,20,11,0
SS11D,103,13,62,28,0,130,5,97,28,0,15,2,7,6,0,103,13,62,28,0,15,2,7,6,0,130,5,97,28,0
SS12,896,95,546,254,1,837,73,507,256,1,110,10,59,40,1,896,95,546,254,1,110,10,59,40,1,837,73,507,256,1
SS13A,487,18,269,198,2,462,12,203,246,1,49,2,20,25,2,487,18,269,198,2,49,2,20,25,2,462,12,203,246,1
SS13B,303,14,172,117,0,237,11,150,76,0,24,2,11,11,0,303,14,172,117,0,24,2,11,11,0,237,11,150,76,0
SS14,390,28,260,102,0,578,29,323,226,0,54,2,20,32,0,390,28,260,102,0,54,2,20,32,0,578,29,323,226,0
SS15A,974,29,522,421,2,198,20,97,80,1,71,1,25,45,0,974,29,522,421,2,71,1,25,45,0,198,20,97,80,1
SS15B,608,21,353,233,1,308,13,161,134,0,38,0,14,24,0,608,21,353,233,1,38,0,14,24,0,308,13,161,134,0
SS16,655,44,439,172,0,834,59,446,328,1,75,5,32,37,1,655,44,439,172,0,75,5,32,37,1,834,59,446,328,1
SS17,1089,71,680,332,6,1169,73,726,370,0,84,13,35,36,0,1089,71,680,332,6,84,13,35,36,0,1169,73,726,370,0
SS18A,226,16,154,55,1,247,15,156,76,0,15,0,7,8,0,226,16,154,55,1,15,0,7,8,0,247,15,156,76,0
SS18B,78,5,57,16,0,98,4,64,30,0,7,1,3,3,0,78,5,57,16,0,7,1,3,3,0,98,4,64,30,0
SS19A,1251,41,868,341,1,447,15,313,119,0,77,8,42,27,0,1251,41,868,341,1,77,8,42,27,0,447,15,313,119,0
SS19B,909,25,652,230,2,334,18,237,79,0,68,1,48,19,0,909,25,652,230,2,68,1,48,19,0,334,18,237,79,0
SS20,742,28,486,226,2,393,22,273,98,0,45,3,26,16,0,742,28,486,226,2,45,3,26,16,0,393,22,273,98,0
SS22,983,96,603,281,3,655,53,358,242,2,55,0,20,34,1,983,96,603,281,3,55,0,20,34,1,655,53,358,242,2
SS25,453,47,278,128,0,622,57,352,213,0,47,4,21,22,0,453,47,278,128,0,47,4,21,22,0,622,57,352,213,0
SS26,1478,40,970,467,1,332,15,213,103,1,92,4,51,37,0,1478,40,970,467,1,92,4,51,37,0,332,15,213,103,1
SS29A,966,49,651,266,0,681,50,380,251,0,86,1,41,44,0,966,49,651,266,0,86,1,41,44,0,681,50,380,251,0
SS31,382,33,279,70,0,333,14,247,71,1,22,5,9,8,0,382,33,279,70,0,22,5,9,8,0,333,14,247,71,1
UC01A,1698,37,1010,646,5,81,3,47,31,0,40,2,19,19,0,1698,37,1010,646,5,40,2,19,19,0,81,3,47,31,0
UC01B,204,3,123,77,1,3,0,2,1,0,5,1,3,1,0,204,3,123,77,1,5,1,3,1,0,3,0,2,1,0
UC01E,69,1,51,17,0,2,0,2,0,0,2,0,1,1,0,69,1,51,17,0,2,0,1,1,0,2,0,2,0,0
UC02A,3879,79,2709,1084,7,167,13,97,57,0,53,0,26,27,0,3879,79,2709,1084,7,53,0,26,27,0,167,13,97,57,0
UC02B,10,0,6,4,0,6,0,6,0,0,0,0,0,0,0,10,0,6,4,0,0,0,0,0,0,6,0,6,0,0
UC031,1019,28,581,401,9,281,42,128,111,0,25,2,15,8,0,1019,28,581,401,9,25,2,15,8,0,281,42,128,111,0
UC032,77,5,34,37,1,13,2,7,4,0,1,0,0,1,0,77,5,34,37,1,1,0,0,1,0,13,2,7,4,0
