"","precinct","DEM","DEM_AbsenteebyMail","DEM_AdvanceinPerson","DEM_ElectionDay","DEM_Provisional","REP","REP_AbsenteebyMail","REP_AdvanceinPerson","REP_ElectionDay","REP_Provisional","RodneyStooksbury","RodneyStooksbury_AbsenteebyMail","RodneyStooksbury_AdvanceinPerson","RodneyStooksbury_ElectionDay","RodneyStooksbury_Provisional","TomPrice","TomPrice_AbsenteebyMail","TomPrice_AdvanceinPerson","TomPrice_ElectionDay","TomPrice_Provisional","ballotsCast","totalVoters","COUNTY","PRECINCTS","IDRV","DRV","BC_TV","IDRV_BC","IDRV_TV","DRV_BC","DRV_TV","DEM_IDRV","DEM_DRV","DEM_BC","DEM_TV","REP_IDRV","REP_DRV","REP_BC","REP_TV","DPW","RPW","IPW"
"1","Addison 01",595,39,241,314,1,1056,99,400,555,2,595,39,241,314,1,1056,99,400,555,2,1717,2085,"Cobb",1,1651,1651,82.3501199040767,96.156086196855,79.1846522781775,96.156086196855,79.1846522781775,36.0387643852211,36.0387643852211,34.6534653465347,28.537170263789,63.9612356147789,63.9612356147789,61.5026208503203,50.6474820143885,0,1,0
"2","Bells Ferry 02",733,38,339,354,2,1188,93,419,673,3,733,38,339,354,2,1188,93,419,673,3,2006,2518,"Cobb",1,1921,1921,79.6664019062748,95.7627118644068,76.2907069102462,95.7627118644068,76.2907069102462,38.1572097865695,38.1572097865695,36.5403788634098,29.1104050833995,61.8427902134305,61.8427902134305,59.222333000997,47.1803018268467,0,1,0
"3","Bells Ferry 03",1285,69,634,580,2,2354,219,1130,1004,1,1285,69,634,580,2,2354,219,1130,1004,1,3803,4866,"Cobb",1,3639,3639,78.1545417180436,95.6876150407573,74.7842170160296,95.6876150407573,74.7842170160296,35.3118988733168,35.3118988733168,33.7891138574809,26.4077270859022,64.6881011266832,64.6881011266832,61.8985011832764,48.3764899301274,0,1,0
"4","Blackwell 01",691,36,346,307,2,1002,89,400,513,0,691,36,346,307,2,1002,89,400,513,0,1780,2212,"Cobb",1,1693,1693,80.4701627486438,95.1123595505618,76.5370705244123,95.1123595505618,76.5370705244123,40.8151210868281,40.8151210868281,38.8202247191011,31.2386980108499,59.1848789131719,59.1848789131719,56.2921348314607,45.2983725135624,0,1,0
"5","Chattahoochee 01",1078,55,521,497,5,405,25,148,229,3,1078,55,521,497,5,405,25,148,229,3,3172,4413,"Cobb",1,1483,1483,71.8785406752776,46.7528373266078,33.6052571946522,46.7528373266078,33.6052571946522,72.6904922454484,72.6904922454484,33.984867591425,24.4278268751416,27.3095077545516,27.3095077545516,12.7679697351829,9.17743031951054,1,0,0
"6","Chestnut Ridge 01",578,57,225,296,0,1715,166,489,1059,1,578,57,225,296,0,1715,166,489,1059,1,2390,2768,"Cobb",1,2293,2293,86.3439306358381,95.9414225941423,82.8395953757225,95.9414225941423,82.8395953757225,25.207152202355,25.207152202355,24.18410041841,20.8815028901734,74.792847797645,74.792847797645,71.7573221757322,61.9580924855491,0,1,0
"7","Davis 01",423,30,157,236,0,936,69,266,600,1,423,30,157,236,0,936,69,266,600,1,1419,1743,"Cobb",1,1359,1359,81.4113597246127,95.7716701902748,77.9690189328743,95.7716701902748,77.9690189328743,31.1258278145695,31.1258278145695,29.8097251585624,24.2685025817556,68.8741721854305,68.8741721854305,65.9619450317125,53.7005163511188,0,1,0
"8","Dickerson 01",602,70,207,325,0,1436,135,367,933,1,602,70,207,325,0,1436,135,367,933,1,2142,2537,"Cobb",1,2038,2038,84.4304296413086,95.1447245564893,80.3310997240836,95.1447245564893,80.3310997240836,29.5387634936212,29.5387634936212,28.1045751633987,23.728813559322,70.4612365063788,70.4612365063788,67.0401493930906,56.6022861647615,0,1,0
"9","Dodgen 01",427,42,147,238,0,1106,96,332,676,2,427,42,147,238,0,1106,96,332,676,2,1586,1851,"Cobb",1,1533,1533,85.6834143706105,96.6582597730139,82.8200972447326,96.6582597730139,82.8200972447326,27.8538812785388,27.8538812785388,26.9230769230769,23.0686115613182,72.1461187214612,72.1461187214612,69.7351828499369,59.7514856834144,0,1,0
"10","East Piedmont 01",58,3,25,30,0,178,9,73,96,0,58,3,25,30,0,178,9,73,96,0,1533,1977,"Cobb",1,236,236,77.5417298937785,15.3946510110894,11.9372787051088,15.3946510110894,11.9372787051088,24.5762711864407,24.5762711864407,3.78343118069145,2.93373798684876,75.4237288135593,75.4237288135593,11.6112198303979,9.00354071825999,0,1,0
"11","Eastside 01",626,55,228,342,1,1533,140,440,952,1,626,55,228,342,1,1533,140,440,952,1,2234,2651,"Cobb",1,2159,2159,84.2700867597133,96.6427931960609,81.4409656733308,96.6427931960609,81.4409656733308,28.9949050486336,28.9949050486336,28.0214861235452,23.6137306676726,71.0050949513664,71.0050949513664,68.6213070725157,57.8272350056582,0,1,0
"12","Eastside 02",873,65,381,427,0,2032,173,734,1124,1,873,65,381,427,0,2032,173,734,1124,1,3028,3556,"Cobb",1,2905,2905,85.1518560179977,95.9379128137384,81.6929133858268,95.9379128137384,81.6929133858268,30.0516351118761,30.0516351118761,28.8309114927345,24.5500562429696,69.9483648881239,69.9483648881239,67.107001321004,57.1428571428571,0,1,0
"13","Elizabeth 02",540,41,229,270,0,1068,110,407,549,2,540,41,229,270,0,1068,110,407,549,2,1683,2031,"Cobb",1,1608,1608,82.8655834564254,95.5436720142603,79.1728212703102,95.5436720142603,79.1728212703102,33.5820895522388,33.5820895522388,32.0855614973262,26.5878877400295,66.4179104477612,66.4179104477612,63.458110516934,52.5849335302807,0,1,0
"14","Elizabeth 03",617,39,292,286,0,1282,137,490,654,1,617,39,292,286,0,1282,137,490,654,1,1989,2369,"Cobb",1,1899,1899,83.9594765723934,95.4751131221719,80.1604052342761,95.4751131221719,80.1604052342761,32.490784623486,32.490784623486,31.0206133735545,26.0447446179823,67.5092153765139,67.5092153765139,64.4544997486174,54.1156606162938,0,1,0
"15","Elizabeth 04",822,45,315,459,3,892,63,295,534,0,822,45,315,459,3,892,63,295,534,0,1796,2324,"Cobb",1,1714,1714,77.2805507745267,95.43429844098,73.7521514629948,95.43429844098,73.7521514629948,47.9579929988331,47.9579929988331,45.7683741648107,35.3700516351119,52.0420070011669,52.0420070011669,49.6659242761693,38.382099827883,0,1,0
"16","Elizabeth 05",737,59,299,379,0,1280,104,388,785,3,737,59,299,379,0,1280,104,388,785,3,2116,2561,"Cobb",1,2017,2017,82.6239750097618,95.3213610586011,78.7582975400234,95.3213610586011,78.7582975400234,36.5394149727318,36.5394149727318,34.8298676748582,28.777821163608,63.4605850272682,63.4605850272682,60.4914933837429,49.9804763764155,0,1,0
"17","Fullers Park 01",752,45,299,405,3,1622,155,540,919,8,752,45,299,405,3,1622,155,540,919,8,2486,2953,"Cobb",1,2374,2374,84.1855739925499,95.4947707160097,80.3928208601422,95.4947707160097,80.3928208601422,31.6764953664701,31.6764953664701,30.249396621078,25.4656281747376,68.3235046335299,68.3235046335299,65.2453740949316,54.9271926854047,0,1,0
"18","Garrison Mill 01",633,39,260,334,0,1313,105,397,810,1,633,39,260,334,0,1313,105,397,810,1,2018,2408,"Cobb",1,1946,1946,83.8039867109635,96.4321110009911,80.8139534883721,96.4321110009911,80.8139534883721,32.5282631038027,32.5282631038027,31.3676907829534,26.2873754152824,67.4717368961973,67.4717368961973,65.0644202180377,54.5265780730897,0,1,0
"19","Gritters 01",884,41,367,474,2,1654,140,612,902,0,884,41,367,474,2,1654,140,612,902,0,2651,3313,"Cobb",1,2538,2538,80.0181104738907,95.7374575631837,76.6073045578026,95.7374575631837,76.6073045578026,34.8305752561072,34.8305752561072,33.3459072048284,26.6827648656807,65.1694247438928,65.1694247438928,62.3915503583553,49.9245396921219,0,1,0
"20","Hightower 01",864,81,292,491,0,2133,233,591,1307,2,864,81,292,491,0,2133,233,591,1307,2,3130,3697,"Cobb",1,2997,2997,84.6632404652421,95.7507987220447,81.0657289694347,95.7507987220447,81.0657289694347,28.8288288288288,28.8288288288288,27.6038338658147,23.3703002434406,71.1711711711712,71.1711711711712,68.14696485623,57.695428725994,0,1,0
"21","Kell 01",421,28,181,212,0,959,76,341,539,3,421,28,181,212,0,959,76,341,539,3,1433,1725,"Cobb",1,1380,1380,83.0724637681159,96.301465457083,80,96.301465457083,80,30.5072463768116,30.5072463768116,29.3789253314724,24.4057971014493,69.4927536231884,69.4927536231884,66.9225401256106,55.5942028985507,0,1,0
"22","Lasssiter 01",666,45,289,332,0,1889,201,655,1031,2,666,45,289,332,0,1889,201,655,1031,2,2650,3148,"Cobb",1,2555,2555,84.1804320203304,96.4150943396226,81.1626429479034,96.4150943396226,81.1626429479034,26.0665362035225,26.0665362035225,25.1320754716981,21.156289707751,73.9334637964775,73.9334637964775,71.2830188679245,60.0063532401525,0,1,0
"23","Mabry 01",287,21,111,154,1,967,85,277,604,1,287,21,111,154,1,967,85,277,604,1,1294,1519,"Cobb",1,1254,1254,85.1876234364714,96.9088098918083,82.5543120473996,96.9088098918083,82.5543120473996,22.8867623604466,22.8867623604466,22.1792890262751,18.8940092165899,77.1132376395534,77.1132376395534,74.7295208655332,63.6603028308097,0,1,0
"24","Marietta 5A",430,100,155,174,1,110,28,35,46,1,430,100,155,174,1,110,28,35,46,1,1785,2112,"Cobb",1,540,540,84.5170454545455,30.2521008403361,25.5681818181818,30.2521008403361,25.5681818181818,79.6296296296296,79.6296296296296,24.0896358543417,20.3598484848485,20.3703703703704,20.3703703703704,6.1624649859944,5.20833333333333,1,0,0
"25","Marietta 5B",1,0,1,0,0,1,0,1,0,0,1,0,1,0,0,1,0,1,0,0,1295,2010,"Cobb",1,2,2,64.4278606965174,0.154440154440154,0.0995024875621891,0.154440154440154,0.0995024875621891,50,50,0.0772200772200772,0.0497512437810945,50,50,0.0772200772200772,0.0497512437810945,0,0,0
"26","Marietta 6A",272,20,118,133,1,203,12,90,101,0,272,20,118,133,1,203,12,90,101,0,1323,1949,"Cobb",1,475,475,67.8809645972294,35.9032501889645,24.3714725500257,35.9032501889645,24.3714725500257,57.2631578947368,57.2631578947368,20.5593348450491,13.9558748075936,42.7368421052632,42.7368421052632,15.3439153439153,10.415597742432,1,0,0
"27","Marietta 6B",801,40,362,394,5,1101,75,424,601,1,801,40,362,394,5,1101,75,424,601,1,1977,2346,"Cobb",1,1902,1902,84.2710997442455,96.206373292868,81.074168797954,96.206373292868,81.074168797954,42.1135646687697,42.1135646687697,40.51593323217,34.1432225063939,57.8864353312303,57.8864353312303,55.690440060698,46.9309462915601,0,1,0
"28","Marietta 7A",209,19,93,97,0,153,9,79,64,1,209,19,93,97,0,153,9,79,64,1,1590,2667,"Cobb",1,362,362,59.6175478065242,22.7672955974843,13.5733033370829,22.7672955974843,13.5733033370829,57.7348066298343,57.7348066298343,13.1446540880503,7.83652043494563,42.2651933701657,42.2651933701657,9.62264150943396,5.73678290213723,1,0,0
"29","McCleskey 01",359,30,181,148,0,885,62,382,441,0,359,30,181,148,0,885,62,382,441,0,1286,1518,"Cobb",1,1244,1244,84.7167325428195,96.7340590979782,81.9499341238472,96.7340590979782,81.9499341238472,28.8585209003215,28.8585209003215,27.9160186625194,23.6495388669302,71.1414790996785,71.1414790996785,68.8180404354588,58.300395256917,0,1,0
"30","Mount Bethel 01",788,67,316,402,3,2165,226,652,1285,2,788,67,316,402,3,2165,226,652,1285,2,3078,3618,"Cobb",1,2953,2953,85.0746268656716,95.9389213775179,81.6196793808734,95.9389213775179,81.6196793808734,26.6847273958686,26.6847273958686,25.6010396361274,21.779988944168,73.3152726041314,73.3152726041314,70.3378817413905,59.8396904367054,0,1,0
"31","Mount Bethel 03",690,61,346,282,1,1467,158,630,678,1,690,61,346,282,1,1467,158,630,678,1,2263,2731,"Cobb",1,2157,2157,82.8634199926767,95.3159522757402,78.9820578542658,95.3159522757402,78.9820578542658,31.9888734353268,31.9888734353268,30.4904993371631,25.2654705236177,68.0111265646732,68.0111265646732,64.8254529385771,53.7165873306481,0,1,0
"32","Mount Bethel 04",587,58,245,283,1,1555,185,512,857,1,587,58,245,283,1,1555,185,512,857,1,2222,2681,"Cobb",1,2142,2142,82.8795225662066,96.3996399639964,79.8955613577023,96.3996399639964,79.8955613577023,27.4042950513539,27.4042950513539,26.4176417641764,21.8948153674002,72.5957049486461,72.5957049486461,69.98199819982,58.0007459903021,0,1,0
"33","Murdock 01",802,76,283,441,2,2016,180,620,1216,0,802,76,283,441,2,2016,180,620,1216,0,2934,3415,"Cobb",1,2818,2818,85.9150805270864,96.0463531015678,82.5183016105417,96.0463531015678,82.5183016105417,28.4599006387509,28.4599006387509,27.33469665985,23.4846266471449,71.5400993612491,71.5400993612491,68.7116564417178,59.0336749633968,0,1,0
"34","Nicholson 01",535,26,235,273,1,1082,94,436,551,1,535,26,235,273,1,1082,94,436,551,1,1666,2082,"Cobb",1,1617,1617,80.0192122958694,97.0588235294118,77.6657060518732,97.0588235294118,77.6657060518732,33.0859616573902,33.0859616573902,32.1128451380552,25.6964457252642,66.9140383426098,66.9140383426098,64.9459783913565,51.969260326609,0,1,0
"35","Palmer 01",262,14,100,148,0,608,58,237,312,1,262,14,100,148,0,608,58,237,312,1,1776,2190,"Cobb",1,870,870,81.0958904109589,48.9864864864865,39.7260273972603,48.9864864864865,39.7260273972603,30.1149425287356,30.1149425287356,14.7522522522523,11.9634703196347,69.8850574712644,69.8850574712644,34.2342342342342,27.7625570776256,0,1,0
"36","Pope 01",668,41,262,365,0,1510,145,486,878,1,668,41,262,365,0,1510,145,486,878,1,2270,2711,"Cobb",1,2178,2178,83.732939874585,95.9471365638767,80.3393581704168,95.9471365638767,80.3393581704168,30.6703397612489,30.6703397612489,29.4273127753304,24.6403541128735,69.3296602387511,69.3296602387511,66.5198237885463,55.6990040575433,0,1,0
"37","Post Oak 01",677,41,275,361,0,1910,173,554,1182,1,677,41,275,361,0,1910,173,554,1182,1,2678,3181,"Cobb",1,2587,2587,84.1873624646338,96.6019417475728,81.3266268469035,96.6019417475728,81.3266268469035,26.1693080788558,26.1693080788558,25.2800597460792,21.2826155297076,73.8306919211442,73.8306919211442,71.3218820014936,60.0440113171959,0,1,0
"38","Powers Ferry 01",45,2,17,26,0,56,5,26,24,1,45,2,17,26,0,56,5,26,24,1,2257,2830,"Cobb",1,101,101,79.7526501766784,4.47496677004874,3.56890459363958,4.47496677004874,3.56890459363958,44.5544554455446,44.5544554455446,1.99379707576429,1.59010600706714,55.4455445544554,55.4455445544554,2.48116969428445,1.97879858657244,0,1,0
"39","Rocky Mountain 01",700,41,288,369,2,1623,112,535,974,2,700,41,288,369,2,1623,112,535,974,2,2412,2886,"Cobb",1,2323,2323,83.5758835758836,96.3101160862355,80.4920304920305,96.3101160862355,80.4920304920305,30.1334481274214,30.1334481274214,29.0215588723051,24.2550242550243,69.8665518725786,69.8665518725786,67.2885572139303,56.2370062370062,0,1,0
"40","Roswell 01",1186,116,477,593,0,2835,266,780,1788,1,1186,116,477,593,0,2835,266,780,1788,1,4130,4798,"Cobb",1,4021,4021,86.0775323051271,97.3607748184019,83.805752396832,97.3607748184019,83.805752396832,29.4951504600846,29.4951504600846,28.7167070217918,24.7186327636515,70.5048495399154,70.5048495399154,68.6440677966102,59.0871196331805,0,1,0
"41","Roswell 02",728,100,242,386,0,1895,169,493,1230,3,728,100,242,386,0,1895,169,493,1230,3,2729,3219,"Cobb",1,2623,2623,84.7778813296055,96.1157933308904,81.4849332090711,96.1157933308904,81.4849332090711,27.7544796035074,27.7544796035074,26.6764382557713,22.6157191674433,72.2455203964926,72.2455203964926,69.4393550751191,58.8692140416278,0,1,0
"42","Sandy Plains 01",707,51,266,390,0,1274,109,403,759,3,707,51,266,390,0,1274,109,403,759,3,2063,2476,"Cobb",1,1981,1981,83.3198707592892,96.0252060106641,80.0080775444265,96.0252060106641,80.0080775444265,35.6890459363958,35.6890459363958,34.2704798836646,28.5541195476575,64.3109540636042,64.3109540636042,61.7547261269995,51.453957996769,0,1,0
"43","Sewell Mill 01",762,69,262,430,1,1558,138,438,981,1,762,69,262,430,1,1558,138,438,981,1,2425,2923,"Cobb",1,2320,2320,82.962709544988,95.6701030927835,79.3705097502566,95.6701030927835,79.3705097502566,32.8448275862069,32.8448275862069,31.4226804123711,26.0691070817653,67.1551724137931,67.1551724137931,64.2474226804124,53.3014026684913,0,1,0
"44","Sewell Mill 03",1216,72,490,651,3,1475,159,481,833,2,1216,72,490,651,3,1475,159,481,833,2,2804,3761,"Cobb",1,2691,2691,74.5546397234778,95.9700427960057,71.5501196490295,95.9700427960057,71.5501196490295,45.1876625789669,45.1876625789669,43.3666191155492,32.3318266418506,54.8123374210331,54.8123374210331,52.6034236804565,39.2182930071789,0,1,0
"45","Shallowford Fall 01",711,62,300,349,0,1698,152,532,1014,0,711,62,300,349,0,1698,152,532,1014,0,2504,2942,"Cobb",1,2409,2409,85.112168592794,96.2060702875399,81.8830727396329,96.2060702875399,81.8830727396329,29.5143212951432,29.5143212951432,28.3945686900958,24.1672331747111,70.4856787048568,70.4856787048568,67.8115015974441,57.7158395649218,0,1,0
"46","Simpson 01",386,35,143,206,2,955,117,290,546,2,386,35,143,206,2,955,117,290,546,2,1401,1670,"Cobb",1,1341,1341,83.8922155688623,95.7173447537473,80.2994011976048,95.7173447537473,80.2994011976048,28.7844891871738,28.7844891871738,27.5517487508922,23.1137724550898,71.2155108128263,71.2155108128263,68.1655960028551,57.185628742515,0,1,0
"47","Sope Creek 01",446,19,181,245,1,1191,122,364,704,1,446,19,181,245,1,1191,122,364,704,1,1695,1953,"Cobb",1,1637,1637,86.78955453149,96.5781710914454,83.8197644649258,96.5781710914454,83.8197644649258,27.2449602932193,27.2449602932193,26.3126843657817,22.836661546339,72.7550397067807,72.7550397067807,70.2654867256637,60.9831029185868,0,1,0
"48","Sope Creek 02",1088,102,509,473,4,1905,206,645,1049,5,1088,102,509,473,4,1905,206,645,1049,5,3103,3862,"Cobb",1,2993,2993,80.3469704816157,96.4550435062842,77.4987053340238,96.4550435062842,77.4987053340238,36.3514868025393,36.3514868025393,35.0628424105704,28.1719316416365,63.6485131974607,63.6485131974607,61.3922010957138,49.3267736923874,0,1,0
"49","Sope Creek 03",555,54,202,299,0,1459,130,347,978,4,555,54,202,299,0,1459,130,347,978,4,2093,2533,"Cobb",1,2014,2014,82.6292933280695,96.225513616818,79.510461902882,96.225513616818,79.510461902882,27.5571002979146,27.5571002979146,26.51696129957,21.9107777339124,72.4428997020854,72.4428997020854,69.708552317248,57.5996841689696,0,1,0
"50","Timber Ridge 01",523,60,163,300,0,1334,108,331,893,2,523,60,163,300,0,1334,108,331,893,2,1919,2221,"Cobb",1,1857,1857,86.4025213867627,96.7691505992704,83.6109860423233,96.7691505992704,83.6109860423233,28.163704900377,28.163704900377,27.2537780093799,23.5479513732553,71.836295099623,71.836295099623,69.5153725898906,60.063034669068,0,1,0
"51","Wileo 01",590,43,222,325,0,1522,146,441,933,2,590,43,222,325,0,1522,146,441,933,2,2192,2528,"Cobb",1,2112,2112,86.7088607594937,96.3503649635037,83.5443037974684,96.3503649635037,83.5443037974684,27.9356060606061,27.9356060606061,26.9160583941606,23.3386075949367,72.0643939393939,72.0643939393939,69.4343065693431,60.2056962025316,0,1,0
"52","ASHFORD DUNWOODY RD",790,61,455,274,0,1252,89,547,616,0,790,61,455,274,0,1252,89,547,616,0,2153,2500,"DeKalb",1,2042,2042,86.12,94.8444031583837,81.68,94.8444031583837,81.68,38.6875612144956,38.6875612144956,36.6929865304227,31.6,61.3124387855044,61.3124387855044,58.151416627961,50.08,0,1,0
"53","ASHFORD PARK ELEM",554,26,306,221,1,1116,52,506,558,0,554,26,306,221,1,1116,52,506,558,0,1778,2053,"DeKalb",1,1670,1670,86.6049683390161,93.92575928009,81.3443740867024,93.92575928009,81.3443740867024,33.1736526946108,33.1736526946108,31.1586051743532,26.9849001461276,66.8263473053892,66.8263473053892,62.7671541057368,54.3594739405748,0,1,0
"54","ASHFORD PARKSIDE",1071,190,494,387,0,1281,93,609,576,3,1071,190,494,387,0,1281,93,609,576,3,2543,2991,"DeKalb",1,2352,2352,85.0217318622534,92.4891860007865,78.6359077231695,92.4891860007865,78.6359077231695,45.5357142857143,45.5357142857143,42.115611482501,35.8074222668004,54.4642857142857,54.4642857142857,50.3735745182855,42.8284854563691,0,1,0
"55","AUSTIN",505,43,311,150,1,1407,114,654,638,1,505,43,311,150,1,1407,114,654,638,1,1997,2281,"DeKalb",1,1912,1912,87.5493204734765,95.7436154231347,83.8228846996931,95.7436154231347,83.8228846996931,26.4121338912134,26.4121338912134,25.2879318978468,22.1394125383604,73.5878661087866,73.5878661087866,70.4556835252879,61.6834721613328,0,1,0
"56","BRIARLAKE ELEM",575,39,319,217,0,667,46,298,323,0,575,39,319,217,0,667,46,298,323,0,1317,1545,"DeKalb",1,1242,1242,85.2427184466019,94.3052391799544,80.3883495145631,94.3052391799544,80.3883495145631,46.2962962962963,46.2962962962963,43.6598329536826,37.2168284789644,53.7037037037037,53.7037037037037,50.6454062262718,43.1715210355987,0,1,0
"57","BRIARWOOD",708,38,370,299,1,737,33,340,363,1,708,38,370,299,1,737,33,340,363,1,1514,1918,"DeKalb",1,1445,1445,78.9363920750782,95.442536327609,75.3388946819604,95.442536327609,75.3388946819604,48.9965397923875,48.9965397923875,46.7635402906209,36.9134515119917,51.0034602076125,51.0034602076125,48.6789960369881,38.4254431699687,0,1,0
"58","BROOKHAVEN",829,54,471,303,1,1408,51,619,735,3,829,54,471,303,1,1408,51,619,735,3,2378,2899,"DeKalb",1,2237,2237,82.0282856157296,94.0706476030278,77.1645394963781,94.0706476030278,77.1645394963781,37.0585605721949,37.0585605721949,34.8612279226241,28.5960676095205,62.9414394278051,62.9414394278051,59.2094196804037,48.5684718868575,0,1,0
"59","CHAMBLEE",558,32,360,166,0,470,19,280,170,1,558,32,360,166,0,470,19,280,170,1,1093,1402,"DeKalb",1,1028,1028,77.9600570613409,94.0530649588289,73.3238231098431,94.0530649588289,73.3238231098431,54.2801556420233,54.2801556420233,51.0521500457457,39.8002853067047,45.7198443579767,45.7198443579767,43.0009149130833,33.5235378031384,1,0,0
"60","CHAMBLEE 2",770,29,535,206,0,948,42,590,315,1,770,29,535,206,0,948,42,590,315,1,1813,2212,"DeKalb",1,1718,1718,81.9620253164557,94.7600661886376,77.6672694394213,94.7600661886376,77.6672694394213,44.8195576251455,44.8195576251455,42.4710424710425,34.8101265822785,55.1804423748545,55.1804423748545,52.2890237175951,42.8571428571429,0,1,0
"61","CHESNUT ELEM",833,37,484,312,0,550,41,258,251,0,833,37,484,312,0,550,41,258,251,0,1442,1862,"DeKalb",1,1383,1383,77.4436090225564,95.9084604715673,74.2749731471536,95.9084604715673,74.2749731471536,60.2313810556761,60.2313810556761,57.7669902912621,44.7368421052632,39.7686189443239,39.7686189443239,38.1414701803051,29.5381310418904,1,0,0
"62","CROSS KEYS HIGH",616,33,336,247,0,698,44,319,333,2,616,33,336,247,0,698,44,319,333,2,1396,1748,"DeKalb",1,1314,1314,79.8627002288329,94.1260744985673,75.1716247139588,94.1260744985673,75.1716247139588,46.8797564687976,46.8797564687976,44.1260744985673,35.2402745995423,53.1202435312024,53.1202435312024,50,39.9313501144165,0,1,0
"63","DORAVILLE NORTH",986,36,450,498,2,473,34,170,269,0,986,36,450,498,2,473,34,170,269,0,1555,2216,"DeKalb",1,1459,1459,70.1714801444043,93.8263665594855,65.8393501805054,93.8263665594855,65.8393501805054,67.5805346127485,67.5805346127485,63.4083601286174,44.4945848375451,32.4194653872515,32.4194653872515,30.4180064308682,21.3447653429603,1,0,0
"64","DORAVILLE SOUTH",445,5,203,237,0,259,20,80,159,0,445,5,203,237,0,259,20,80,159,0,750,1010,"DeKalb",1,704,704,74.2574257425743,93.8666666666667,69.7029702970297,93.8666666666667,69.7029702970297,63.2102272727273,63.2102272727273,59.3333333333333,44.0594059405941,36.7897727272727,36.7897727272727,34.5333333333333,25.6435643564356,1,0,0
"65","DRESDEN ELEM",1688,89,886,712,1,976,54,467,454,1,1688,89,886,712,1,976,54,467,454,1,2817,3844,"DeKalb",1,2664,2664,73.2830385015609,94.5686900958466,69.3028095733611,94.5686900958466,69.3028095733611,63.3633633633634,63.3633633633634,59.9219027334043,43.9125910509886,36.6366366366366,36.6366366366366,34.6467873624423,25.3902185223725,1,0,0
"66","DUNWOODY",829,61,489,278,1,1002,83,542,374,3,829,61,489,278,1,1002,83,542,374,3,1938,2468,"DeKalb",1,1831,1831,78.5251215559157,94.4788441692466,74.1896272285251,94.4788441692466,74.1896272285251,45.2758055707264,45.2758055707264,42.7760577915377,33.5899513776337,54.7241944292736,54.7241944292736,51.702786377709,40.5996758508914,0,1,0
"67","DUNWOODY HIGH",429,49,256,124,0,1072,124,542,405,1,429,49,256,124,0,1072,124,542,405,1,1567,1772,"DeKalb",1,1501,1501,88.431151241535,95.788130185067,84.706546275395,95.788130185067,84.706546275395,28.580946035976,28.580946035976,27.3771537970645,24.2099322799097,71.419053964024,71.419053964024,68.4109763880026,60.4966139954853,0,1,0
"68","DUNWOODY LIBRARY",461,40,318,103,0,1420,124,797,498,1,461,40,318,103,0,1420,124,797,498,1,1966,2234,"DeKalb",1,1881,1881,88.0035810205909,95.676500508647,84.1987466427932,95.676500508647,84.1987466427932,24.508240297714,24.508240297714,23.4486266531027,20.6356311548791,75.491759702286,75.491759702286,72.2278738555442,63.5631154879141,0,1,0
"69","EMBRY HILLS",689,40,406,242,1,649,55,326,267,1,689,40,406,242,1,649,55,326,267,1,1413,1695,"DeKalb",1,1338,1338,83.3628318584071,94.692144373673,78.9380530973451,94.692144373673,78.9380530973451,51.4947683109118,51.4947683109118,48.761500353857,40.6489675516224,48.5052316890882,48.5052316890882,45.930644019816,38.2890855457227,1,0,0
"70","EVANSDALE ELEM",1086,51,650,385,0,701,61,341,299,0,1086,51,650,385,0,701,61,341,299,0,1867,2389,"DeKalb",1,1787,1787,78.1498534951863,95.7150508837708,74.8011720385098,95.7150508837708,74.8011720385098,60.7722439843313,60.7722439843313,58.168184252812,45.4583507743826,39.2277560156687,39.2277560156687,37.5468666309588,29.3428212641272,1,0,0
"71","GEORGETOWN SQUARE",1071,38,637,394,2,1142,60,545,535,2,1071,38,637,394,2,1142,60,545,535,2,2335,3139,"DeKalb",1,2213,2213,74.3867473717744,94.7751605995717,70.5001592863969,94.7751605995717,70.5001592863969,48.3958427474017,48.3958427474017,45.8672376873662,34.1191462249124,51.6041572525983,51.6041572525983,48.9079229122056,36.3810130614846,0,1,0
"72","HAWTHORNE ELEM",1522,63,880,579,0,798,46,366,386,0,1522,63,880,579,0,798,46,366,386,0,2425,3166,"DeKalb",1,2320,2320,76.595072646873,95.6701030927835,73.2785849652558,95.6701030927835,73.2785849652558,65.6034482758621,65.6034482758621,62.7628865979381,48.0732785849653,34.3965517241379,34.3965517241379,32.9072164948454,25.2053063802906,1,0,0
"73","HENDERSON MILL ELEM",1085,69,676,340,0,920,67,514,339,0,1085,69,676,340,0,920,67,514,339,0,2128,2595,"DeKalb",1,2005,2005,82.0038535645472,94.2199248120301,77.2639691714836,94.2199248120301,77.2639691714836,54.1147132169576,54.1147132169576,50.9868421052632,41.8111753371869,45.8852867830424,45.8852867830424,43.2330827067669,35.4527938342967,1,0,0
"74","HUNTLEY HILLS ELEM",1195,41,642,511,1,687,38,342,307,0,1195,41,642,511,1,687,38,342,307,0,1968,2560,"DeKalb",1,1882,1882,76.875,95.630081300813,73.515625,95.630081300813,73.515625,63.4962805526036,63.4962805526036,60.7215447154472,46.6796875,36.5037194473964,36.5037194473964,34.9085365853659,26.8359375,1,0,0
"75","KINGSLEY ELEM",517,62,301,154,0,1313,121,642,550,0,517,62,301,154,0,1313,121,642,550,0,1901,2208,"DeKalb",1,1830,1830,86.0960144927536,96.2651236191478,82.8804347826087,96.2651236191478,82.8804347826087,28.2513661202186,28.2513661202186,27.1962125197265,23.4148550724638,71.7486338797814,71.7486338797814,69.0689110994214,59.4655797101449,0,1,0
"76","KITTREDGE ELEM",602,54,370,174,4,949,76,526,347,0,602,54,370,174,4,949,76,526,347,0,1611,1884,"DeKalb",1,1551,1551,85.5095541401274,96.2756052141527,82.3248407643312,96.2756052141527,82.3248407643312,38.8136686009026,38.8136686009026,37.3680943513346,31.9532908704883,61.1863313990974,61.1863313990974,58.9075108628181,50.3715498938429,0,1,0
"77","LAKESIDE HIGH",1128,90,645,393,0,1138,115,567,455,1,1128,90,645,393,0,1138,115,567,455,1,2383,2760,"DeKalb",1,2266,2266,86.3405797101449,95.0902224087285,82.1014492753623,95.0902224087285,82.1014492753623,49.7793468667255,49.7793468667255,47.3352916491817,40.8695652173913,50.2206531332745,50.2206531332745,47.7549307595468,41.231884057971,0,1,0
"78","LIVSEY ELEM",482,27,345,110,0,591,42,352,197,0,482,27,345,110,0,591,42,352,197,0,1126,1295,"DeKalb",1,1073,1073,86.949806949807,95.2930728241563,82.8571428571429,95.2930728241563,82.8571428571429,44.9207828518173,44.9207828518173,42.8063943161634,37.2200772200772,55.0792171481827,55.0792171481827,52.4866785079929,45.6370656370656,0,1,0
"79","MIDVALE ELEM",592,33,427,131,1,895,68,532,295,0,592,33,427,131,1,895,68,532,295,0,1578,1828,"DeKalb",1,1487,1487,86.3238512035011,94.233206590621,81.3457330415755,94.233206590621,81.3457330415755,39.8117014122394,39.8117014122394,37.5158428390368,32.3851203501094,60.1882985877606,60.1882985877606,56.7173637515843,48.9606126914661,0,1,0
"80","MIDVALE ROAD",1135,48,721,366,0,794,58,398,338,0,1135,48,721,366,0,794,58,398,338,0,2016,2437,"DeKalb",1,1929,1929,82.7246614690193,95.6845238095238,79.1546983996717,95.6845238095238,79.1546983996717,58.83877656817,58.83877656817,56.2996031746032,46.5736561345917,41.16122343183,41.16122343183,39.3849206349206,32.58104226508,1,0,0
"81","MONTGOMERY ELEM",614,50,332,232,0,1058,96,491,470,1,614,50,332,232,0,1058,96,491,470,1,1757,2072,"DeKalb",1,1672,1672,84.7972972972973,95.1622083096187,80.6949806949807,95.1622083096187,80.6949806949807,36.7224880382775,36.7224880382775,34.9459305634604,29.6332046332046,63.2775119617225,63.2775119617225,60.2162777461582,51.0617760617761,0,1,0
"82","MT. VERNON EAST",502,36,311,155,0,1382,98,718,566,0,502,36,311,155,0,1382,98,718,566,0,1969,2273,"DeKalb",1,1884,1884,86.6256049274087,95.6830878618588,82.8860536735592,95.6830878618588,82.8860536735592,26.6454352441614,26.6454352441614,25.4951752158456,22.085349758029,73.3545647558386,73.3545647558386,70.1879126460132,60.8007039155301,0,1,0
"83","MT. VERNON WEST",552,46,346,160,0,1066,97,529,440,0,552,46,346,160,0,1066,97,529,440,0,1685,1952,"DeKalb",1,1618,1618,86.3217213114754,96.0237388724036,82.8893442622951,96.0237388724036,82.8893442622951,34.1161928306551,34.1161928306551,32.7596439169139,28.2786885245902,65.8838071693449,65.8838071693449,63.2640949554896,54.6106557377049,0,1,0
"84","NORTH PEACHTREE",590,20,283,286,1,470,31,187,252,0,590,20,283,286,1,470,31,187,252,0,1113,1483,"DeKalb",1,1060,1060,75.0505731625084,95.2380952380952,71.4767363452461,95.2380952380952,71.4767363452461,55.6603773584906,55.6603773584906,53.0098831985624,39.7842211732974,44.3396226415094,44.3396226415094,42.2282120395328,31.6925151719488,1,0,0
"85","OAKCLIFF ELEM",642,25,248,369,0,297,23,110,163,1,642,25,248,369,0,297,23,110,163,1,1005,1452,"DeKalb",1,939,939,69.2148760330578,93.4328358208955,64.6694214876033,93.4328358208955,64.6694214876033,68.370607028754,68.370607028754,63.8805970149254,44.2148760330578,31.629392971246,31.629392971246,29.5522388059701,20.4545454545455,1,0,0
"86","PEACHTREE MIDDLE",1238,58,762,415,3,809,72,401,336,0,1238,58,762,415,3,809,72,401,336,0,2151,2774,"DeKalb",1,2047,2047,77.5414563806777,95.165039516504,73.7923576063446,95.165039516504,73.7923576063446,60.4787493893503,60.4787493893503,57.5546257554626,44.6286950252343,39.5212506106497,39.5212506106497,37.6104137610414,29.1636625811103,1,0,0
"87","PLEASANTDALE ELEM",1563,33,804,720,6,442,32,228,182,0,1563,33,804,720,6,442,32,228,182,0,2102,3192,"DeKalb",1,2005,2005,65.8521303258145,95.3853472882969,62.8132832080201,95.3853472882969,62.8132832080201,77.9551122194514,77.9551122194514,74.3577545195052,48.9661654135338,22.0448877805486,22.0448877805486,21.0275927687916,13.8471177944862,1,0,0
"88","SILVER LAKE",1181,96,729,356,0,1797,105,961,731,0,1181,96,729,356,0,1797,105,961,731,0,3139,3915,"DeKalb",1,2978,2978,80.1787994891443,94.8709780184772,76.066411238825,94.8709780184772,76.066411238825,39.6574882471457,39.6574882471457,37.6234469576298,30.1660280970626,60.3425117528543,60.3425117528543,57.2475310608474,45.9003831417625,0,1,0
"89","SKYLAND",497,26,254,215,2,738,33,288,416,1,497,26,254,215,2,738,33,288,416,1,1314,1582,"DeKalb",1,1235,1235,83.0594184576485,93.9878234398782,78.0657395701644,93.9878234398782,78.0657395701644,40.2429149797571,40.2429149797571,37.8234398782344,31.4159292035398,59.7570850202429,59.7570850202429,56.1643835616438,46.6498103666245,0,1,0
"90","TILLY MILL ROAD",354,31,167,156,0,776,57,293,426,0,354,31,167,156,0,776,57,293,426,0,1180,1363,"DeKalb",1,1130,1130,86.5737344093911,95.7627118644068,82.9053558327219,95.7627118644068,82.9053558327219,31.3274336283186,31.3274336283186,30,25.9721203228173,68.6725663716814,68.6725663716814,65.7627118644068,56.9332355099046,0,1,0
"91","TUCKER",980,57,685,238,0,1059,70,648,341,0,980,57,685,238,0,1059,70,648,341,0,2192,2611,"DeKalb",1,2039,2039,83.952508617388,93.0200729927007,78.0926847950977,93.0200729927007,78.0926847950977,48.0627758705248,48.0627758705248,44.7080291970803,37.5335120643432,51.9372241294752,51.9372241294752,48.3120437956204,40.5591727307545,0,1,0
"92","TUCKER LIBRARY",982,27,701,254,0,719,45,448,226,0,982,27,701,254,0,719,45,448,226,0,1798,2245,"DeKalb",1,1701,1701,80.0890868596882,94.6051167964405,75.7683741648107,94.6051167964405,75.7683741648107,57.7307466196355,57.7307466196355,54.6162402669633,43.7416481069042,42.2692533803645,42.2692533803645,39.9888765294772,32.0267260579065,1,0,0
"93","WARREN TECH",479,27,211,241,0,320,27,107,186,0,479,27,211,241,0,320,27,107,186,0,843,1076,"DeKalb",1,799,799,78.3457249070632,94.7805456702254,74.2565055762082,94.7805456702254,74.2565055762082,59.9499374217772,59.9499374217772,56.8208778173191,44.5167286245353,40.0500625782228,40.0500625782228,37.9596678529063,29.7397769516729,1,0,0
"94","WINTERS CHAPEL",401,23,211,166,1,633,44,234,355,0,401,23,211,166,1,633,44,234,355,0,1084,1248,"DeKalb",1,1034,1034,86.8589743589744,95.3874538745387,82.8525641025641,95.3874538745387,82.8525641025641,38.7814313346228,38.7814313346228,36.9926199261993,32.1314102564103,61.2185686653772,61.2185686653772,58.3948339483395,50.7211538461538,0,1,0
"95","02J",0,0,0,0,0,1,0,1,0,0,0,0,0,0,0,1,0,1,0,0,2219,1934,"Fulton",1,1,1,114.736297828335,0.0450653447498873,0.0517063081695967,0.0450653447498873,0.0517063081695967,0,0,0,0,100,100,0.0450653447498873,0.0517063081695967,0,1,0
"96","AP01A",432,30,288,112,2,916,52,620,243,1,432,30,288,112,2,916,52,620,243,1,1393,1739,"Fulton",1,1348,1348,80.1035077630822,96.7695620961953,77.5158136860264,96.7695620961953,77.5158136860264,32.0474777448071,32.0474777448071,31.0122038765255,24.8418631397355,67.9525222551929,67.9525222551929,65.7573582196698,52.673950546291,0,1,0
"97","AP01B",212,5,144,62,1,253,16,158,79,0,212,5,144,62,1,253,16,158,79,0,492,685,"Fulton",1,465,465,71.8248175182482,94.5121951219512,67.8832116788321,94.5121951219512,67.8832116788321,45.5913978494624,45.5913978494624,43.0894308943089,30.9489051094891,54.4086021505376,54.4086021505376,51.4227642276423,36.9343065693431,0,1,0
"98","AP01C",507,28,359,120,0,1056,67,720,269,0,507,28,359,120,0,1056,67,720,269,0,1608,1952,"Fulton",1,1563,1563,82.3770491803279,97.2014925373134,80.0717213114754,97.2014925373134,80.0717213114754,32.4376199616123,32.4376199616123,31.5298507462687,25.9733606557377,67.5623800383877,67.5623800383877,65.6716417910448,54.0983606557377,0,1,0
"99","AP01D",243,15,159,69,0,286,21,179,86,0,243,15,159,69,0,286,21,179,86,0,554,713,"Fulton",1,529,529,77.6998597475456,95.4873646209386,74.1935483870968,95.4873646209386,74.1935483870968,45.9357277882798,45.9357277882798,43.8628158844765,34.0813464235624,54.0642722117202,54.0642722117202,51.6245487364621,40.1122019635344,0,1,0
"100","AP021",705,26,515,162,2,1304,91,905,306,2,705,26,515,162,2,1304,91,905,306,2,2089,2491,"Fulton",1,2009,2009,83.8619028502609,96.1704164672092,80.6503412284223,96.1704164672092,80.6503412284223,35.0920856147337,35.0920856147337,33.748204882719,28.3018867924528,64.9079143852663,64.9079143852663,62.4222115844902,52.3484544359695,0,1,0
"101","AP022",605,32,451,122,0,829,63,532,234,0,605,32,451,122,0,829,63,532,234,0,1490,1860,"Fulton",1,1434,1434,80.1075268817204,96.241610738255,77.0967741935484,96.241610738255,77.0967741935484,42.1896792189679,42.1896792189679,40.6040268456376,32.5268817204301,57.8103207810321,57.8103207810321,55.6375838926174,44.5698924731183,0,1,0
"102","AP02B",79,32,36,11,0,149,55,70,24,0,79,32,36,11,0,149,55,70,24,0,246,352,"Fulton",1,228,228,69.8863636363636,92.6829268292683,64.7727272727273,92.6829268292683,64.7727272727273,34.6491228070175,34.6491228070175,32.1138211382114,22.4431818181818,65.3508771929825,65.3508771929825,60.5691056910569,42.3295454545455,0,1,0
"103","AP03",279,3,139,136,1,118,1,48,69,0,279,3,139,136,1,118,1,48,69,0,417,619,"Fulton",1,397,397,67.3667205169628,95.2038369304556,64.1357027463651,95.2038369304556,64.1357027463651,70.2770780856423,70.2770780856423,66.9064748201439,45.0726978998385,29.7229219143577,29.7229219143577,28.2973621103118,19.0630048465267,1,0,0
"104","AP04A",337,15,247,74,1,878,63,576,238,1,337,15,247,74,1,878,63,576,238,1,1252,1472,"Fulton",1,1215,1215,85.054347826087,97.0447284345048,82.5407608695652,97.0447284345048,82.5407608695652,27.7366255144033,27.7366255144033,26.9169329073482,22.8940217391304,72.2633744855967,72.2633744855967,70.1277955271566,59.6467391304348,0,1,0
"105","AP04B",103,4,80,19,0,206,12,140,54,0,103,4,80,19,0,206,12,140,54,0,322,364,"Fulton",1,309,309,88.4615384615385,95.9627329192547,84.8901098901099,95.9627329192547,84.8901098901099,33.3333333333333,33.3333333333333,31.9875776397516,28.2967032967033,66.6666666666667,66.6666666666667,63.9751552795031,56.5934065934066,0,1,0
"106","AP05",946,56,648,238,4,2211,132,1327,750,2,946,56,648,238,4,2211,132,1327,750,2,3257,3956,"Fulton",1,3157,3157,82.3306370070779,96.9296898986798,79.8028311425683,96.9296898986798,79.8028311425683,29.9651567944251,29.9651567944251,29.0451335584894,23.9130434782609,70.0348432055749,70.0348432055749,67.8845563401904,55.8897876643074,0,1,0
"107","AP06",330,12,256,62,0,957,43,691,223,0,330,12,256,62,0,957,43,691,223,0,1340,1647,"Fulton",1,1287,1287,81.3600485731633,96.044776119403,78.1420765027322,96.044776119403,78.1420765027322,25.6410256410256,25.6410256410256,24.6268656716418,20.0364298724954,74.3589743589744,74.3589743589744,71.4179104477612,58.1056466302368,0,1,0
"108","AP07A",816,48,544,224,0,1299,83,751,464,1,816,48,544,224,0,1299,83,751,464,1,2225,2853,"Fulton",1,2115,2115,77.9880827199439,95.0561797752809,74.1324921135647,95.0561797752809,74.1324921135647,38.5815602836879,38.5815602836879,36.6741573033708,28.6014721345952,61.4184397163121,61.4184397163121,58.3820224719101,45.5310199789695,0,1,0
"109","AP07B",322,18,243,61,0,763,51,506,203,3,322,18,243,61,0,763,51,506,203,3,1146,1353,"Fulton",1,1085,1085,84.7006651884701,94.6771378708551,80.1921655580192,94.6771378708551,80.1921655580192,29.6774193548387,29.6774193548387,28.0977312390925,23.7989652623799,70.3225806451613,70.3225806451613,66.5794066317627,56.3932002956393,0,1,0
"110","AP09A",1059,68,703,286,2,1734,114,1124,492,4,1059,68,703,286,2,1734,114,1124,492,4,2914,3612,"Fulton",1,2793,2793,80.6755260243632,95.8476321207962,77.3255813953488,95.8476321207962,77.3255813953488,37.9162191192266,37.9162191192266,36.3417982155113,29.3189368770764,62.0837808807734,62.0837808807734,59.5058339052848,48.0066445182724,0,1,0
"111","AP09B",265,7,191,67,0,276,9,195,72,0,265,7,191,67,0,276,9,195,72,0,562,681,"Fulton",1,541,541,82.5256975036711,96.2633451957295,79.4419970631424,96.2633451957295,79.4419970631424,48.9833641404806,48.9833641404806,47.153024911032,38.913362701909,51.0166358595194,51.0166358595194,49.1103202846975,40.5286343612335,0,1,0
"112","AP10",188,17,125,44,2,520,25,338,157,0,188,17,125,44,2,520,25,338,157,0,729,866,"Fulton",1,708,708,84.1801385681293,97.119341563786,81.7551963048499,97.119341563786,81.7551963048499,26.5536723163842,26.5536723163842,25.7887517146776,21.7090069284065,73.4463276836158,73.4463276836158,71.3305898491084,60.0461893764434,0,1,0
"113","AP12A",217,5,125,87,0,178,5,111,62,0,217,5,125,87,0,178,5,111,62,0,420,548,"Fulton",1,395,395,76.6423357664234,94.0476190476191,72.0802919708029,94.0476190476191,72.0802919708029,54.9367088607595,54.9367088607595,51.6666666666667,39.5985401459854,45.0632911392405,45.0632911392405,42.3809523809524,32.4817518248175,1,0,0
"114","AP12B",219,7,131,81,0,146,2,85,59,0,219,7,131,81,0,146,2,85,59,0,390,529,"Fulton",1,365,365,73.7240075614367,93.5897435897436,68.9981096408318,93.5897435897436,68.9981096408318,60,60,56.1538461538462,41.3988657844991,40,40,37.4358974358974,27.5992438563327,1,0,0
"115","AP12C",278,7,196,75,0,561,21,412,128,0,278,7,196,75,0,561,21,412,128,0,874,1116,"Fulton",1,839,839,78.3154121863799,95.9954233409611,75.1792114695341,95.9954233409611,75.1792114695341,33.134684147795,33.134684147795,31.8077803203661,24.910394265233,66.865315852205,66.865315852205,64.187643020595,50.2688172043011,0,1,0
"116","AP13",619,23,459,137,0,1160,76,815,269,0,619,23,459,137,0,1160,76,815,269,0,1847,2248,"Fulton",1,1779,1779,82.161921708185,96.3183540877098,79.1370106761566,96.3183540877098,79.1370106761566,34.7948285553682,34.7948285553682,33.5138061721711,27.5355871886121,65.2051714446318,65.2051714446318,62.8045479155387,51.6014234875445,0,1,0
"117","AP14",666,39,460,167,0,1451,92,939,417,3,666,39,460,167,0,1451,92,939,417,3,2213,2643,"Fulton",1,2117,2117,83.7306091562618,95.6619972887483,80.0983730609156,95.6619972887483,80.0983730609156,31.4596126594237,31.4596126594237,30.0948938093086,25.1986379114642,68.5403873405763,68.5403873405763,65.5671034794397,54.8997351494514,0,1,0
"118","JC01",1471,102,917,448,4,1748,101,1008,637,2,1471,102,917,448,4,1748,101,1008,637,2,3377,4228,"Fulton",1,3219,3219,79.872280037843,95.3212910867634,76.1352885525071,95.3212910867634,76.1352885525071,45.6974215594905,45.6974215594905,43.5593722238673,34.7918637653737,54.3025784405095,54.3025784405095,51.7619188628961,41.3434247871334,0,1,0
"119","JC02",575,43,369,163,0,811,99,443,269,0,575,43,369,163,0,811,99,443,269,0,1477,1836,"Fulton",1,1386,1386,80.4466230936819,93.8388625592417,75.4901960784314,93.8388625592417,75.4901960784314,41.4862914862915,41.4862914862915,38.9302640487475,31.318082788671,58.5137085137085,58.5137085137085,54.9085985104942,44.1721132897603,0,1,0
"120","JC03A",153,9,98,46,0,253,22,149,82,0,153,9,98,46,0,253,22,149,82,0,421,473,"Fulton",1,406,406,89.0063424947146,96.437054631829,85.8350951374207,96.437054631829,85.8350951374207,37.6847290640394,37.6847290640394,36.3420427553444,32.3467230443975,62.3152709359606,62.3152709359606,60.0950118764846,53.4883720930233,0,1,0
"121","JC03B",436,11,265,160,0,487,18,260,209,0,436,11,265,160,0,487,18,260,209,0,985,1224,"Fulton",1,923,923,80.4738562091503,93.7055837563452,75.4084967320261,93.7055837563452,75.4084967320261,47.237269772481,47.237269772481,44.2639593908629,35.6209150326797,52.762730227519,52.762730227519,49.4416243654822,39.7875816993464,0,1,0
"122","JC04A",1060,85,809,165,1,1829,203,1200,426,0,1060,85,809,165,1,1829,203,1200,426,0,3043,3649,"Fulton",1,2889,2889,83.3927103315977,94.9392047321722,79.1723759934229,94.9392047321722,79.1723759934229,36.6908965039806,36.6908965039806,34.8340453499836,29.0490545354892,63.3091034960194,63.3091034960194,60.1051593821886,50.1233214579337,0,1,0
"123","JC04B",79,3,57,19,0,90,6,63,21,0,79,3,57,19,0,90,6,63,21,0,178,230,"Fulton",1,169,169,77.3913043478261,94.9438202247191,73.4782608695652,94.9438202247191,73.4782608695652,46.7455621301775,46.7455621301775,44.3820224719101,34.3478260869565,53.2544378698225,53.2544378698225,50.561797752809,39.1304347826087,0,1,0
"124","JC05",586,17,421,147,1,843,18,554,269,2,586,17,421,147,1,843,18,554,269,2,1503,1864,"Fulton",1,1429,1429,80.6330472103004,95.0765136393879,76.6630901287554,95.0765136393879,76.6630901287554,41.0076976906928,41.0076976906928,38.9886892880905,31.4377682403433,58.9923023093072,58.9923023093072,56.0878243512974,45.225321888412,0,1,0
"125","JC06",526,35,326,165,0,1235,130,705,400,0,526,35,326,165,0,1235,130,705,400,0,1835,2350,"Fulton",1,1761,1761,78.0851063829787,95.9673024523161,74.936170212766,95.9673024523161,74.936170212766,29.8693923906871,29.8693923906871,28.6648501362398,22.3829787234043,70.1306076093129,70.1306076093129,67.3024523160763,52.5531914893617,0,1,0
"126","JC07",1074,74,730,270,0,1556,77,1015,463,1,1074,74,730,270,0,1556,77,1015,463,1,2762,3463,"Fulton",1,2630,2630,79.7574357493503,95.2208544532947,75.9457118105689,95.2208544532947,75.9457118105689,40.8365019011407,40.8365019011407,38.8848660391021,31.0135720473578,59.1634980988593,59.1634980988593,56.3359884141926,44.9321397632111,0,1,0
"127","JC08",698,28,525,143,2,1201,59,841,292,9,698,28,525,143,2,1201,59,841,292,9,1989,2395,"Fulton",1,1899,1899,83.0480167014614,95.4751131221719,79.2901878914405,95.4751131221719,79.2901878914405,36.7561874670879,36.7561874670879,35.0930115635998,29.1440501043841,63.2438125329121,63.2438125329121,60.3821015585721,50.1461377870564,0,1,0
"128","JC09",883,40,588,254,1,1023,56,588,377,2,883,40,588,254,1,1023,56,588,377,2,1999,2502,"Fulton",1,1906,1906,79.8960831334932,95.3476738369185,76.1790567545963,95.3476738369185,76.1790567545963,46.3273871983211,46.3273871983211,44.1720860430215,35.2917665867306,53.6726128016789,53.6726128016789,51.175587793897,40.8872901678657,0,1,0
"129","JC10",663,32,442,188,1,774,43,431,298,2,663,32,442,188,1,774,43,431,298,2,1524,1921,"Fulton",1,1437,1437,79.3336803748048,94.2913385826772,74.8047891723061,94.2913385826772,74.8047891723061,46.1377870563674,46.1377870563674,43.503937007874,34.5132743362832,53.8622129436326,53.8622129436326,50.7874015748031,40.2915148360229,0,1,0
"130","JC11",703,39,495,169,0,1479,84,1007,388,0,703,39,495,169,0,1479,84,1007,388,0,2278,2794,"Fulton",1,2182,2182,81.5318539727989,95.7857769973661,78.0959198282033,95.7857769973661,78.0959198282033,32.218148487626,32.218148487626,30.8604038630378,25.1610594130279,67.781851512374,67.781851512374,64.9253731343284,52.9348604151754,0,1,0
"131","JC12",445,42,351,52,0,1309,103,971,231,4,445,42,351,52,0,1309,103,971,231,4,1836,2197,"Fulton",1,1754,1754,83.5685025034137,95.5337690631808,79.8361401911698,95.5337690631808,79.8361401911698,25.3705815279361,25.3705815279361,24.2374727668845,20.2548930359581,74.6294184720639,74.6294184720639,71.2962962962963,59.5812471552116,0,1,0
"132","JC13A",315,26,226,63,0,1194,85,835,274,0,315,26,226,63,0,1194,85,835,274,0,1560,1898,"Fulton",1,1509,1509,82.1917808219178,96.7307692307692,79.504741833509,96.7307692307692,79.504741833509,20.8747514910537,20.8747514910537,20.1923076923077,16.5964172813488,79.1252485089463,79.1252485089463,76.5384615384615,62.9083245521602,0,1,0
"133","JC13B",27,3,20,4,0,176,18,130,28,0,27,3,20,4,0,176,18,130,28,0,210,259,"Fulton",1,203,203,81.0810810810811,96.6666666666667,78.3783783783784,96.6666666666667,78.3783783783784,13.3004926108374,13.3004926108374,12.8571428571429,10.4247104247104,86.6995073891626,86.6995073891626,83.8095238095238,67.953667953668,0,1,0
"134","JC14",503,40,372,91,0,1253,106,871,276,0,503,40,372,91,0,1253,106,871,276,0,1825,2197,"Fulton",1,1756,1756,83.0678197542103,96.2191780821918,79.9271734182977,96.2191780821918,79.9271734182977,28.6446469248292,28.6446469248292,27.5616438356164,22.8948566226673,71.3553530751708,71.3553530751708,68.6575342465753,57.0323167956304,0,1,0
"135","JC15",274,16,179,79,0,234,12,123,99,0,274,16,179,79,0,234,12,123,99,0,535,676,"Fulton",1,508,508,79.1420118343195,94.9532710280374,75.1479289940828,94.9532710280374,75.1479289940828,53.9370078740157,53.9370078740157,51.214953271028,40.5325443786982,46.0629921259843,46.0629921259843,43.7383177570093,34.6153846153846,1,0,0
"136","JC16",648,37,431,180,0,1132,47,664,420,1,648,37,431,180,0,1132,47,664,420,1,1862,2195,"Fulton",1,1780,1780,84.8291571753986,95.5961331901182,81.0933940774487,95.5961331901182,81.0933940774487,36.4044943820225,36.4044943820225,34.8012889366273,29.5216400911162,63.5955056179775,63.5955056179775,60.7948442534909,51.5717539863326,0,1,0
"137","JC18",617,23,464,129,1,1355,66,829,456,4,617,23,464,129,1,1355,66,829,456,4,2049,2455,"Fulton",1,1972,1972,83.4623217922607,96.2420693020986,80.3258655804481,96.2420693020986,80.3258655804481,31.2880324543611,31.2880324543611,30.1122498779893,25.132382892057,68.7119675456389,68.7119675456389,66.1298194241093,55.193482688391,0,1,0
"138","JC19",1007,41,808,157,1,1596,93,1192,309,2,1007,41,808,157,1,1596,93,1192,309,2,2701,3221,"Fulton",1,2603,2603,83.8559453585843,96.3717141799334,80.8134119838559,96.3717141799334,80.8134119838559,38.6861313868613,38.6861313868613,37.2824879674195,31.26358273828,61.3138686131387,61.3138686131387,59.0892262125139,49.5498292455759,0,1,0
"139","ML011",434,11,340,81,2,1237,54,878,301,4,434,11,340,81,2,1237,54,878,301,4,1740,2050,"Fulton",1,1671,1671,84.8780487804878,96.0344827586207,81.5121951219512,96.0344827586207,81.5121951219512,25.9724715739078,25.9724715739078,24.9425287356322,21.1707317073171,74.0275284260922,74.0275284260922,71.0919540229885,60.3414634146341,0,1,0
"140","ML012",68,3,54,11,0,271,18,201,52,0,68,3,54,11,0,271,18,201,52,0,352,430,"Fulton",1,339,339,81.8604651162791,96.3068181818182,78.8372093023256,96.3068181818182,78.8372093023256,20.0589970501475,20.0589970501475,19.3181818181818,15.8139534883721,79.9410029498525,79.9410029498525,76.9886363636364,63.0232558139535,0,1,0
"141","ML01B",18,2,16,0,0,40,0,31,9,0,18,2,16,0,0,40,0,31,9,0,60,70,"Fulton",1,58,58,85.7142857142857,96.6666666666667,82.8571428571429,96.6666666666667,82.8571428571429,31.0344827586207,31.0344827586207,30,25.7142857142857,68.9655172413793,68.9655172413793,66.6666666666667,57.1428571428571,0,1,0
"142","ML021",203,6,146,51,0,1087,13,698,376,0,203,6,146,51,0,1087,13,698,376,0,1331,1627,"Fulton",1,1290,1290,81.8070067609096,96.9196093163035,79.2870313460356,96.9196093163035,79.2870313460356,15.7364341085271,15.7364341085271,15.251690458302,12.4769514443762,84.2635658914729,84.2635658914729,81.6679188580015,66.8100799016595,0,1,0
"143","ML022",24,2,18,4,0,131,3,85,43,0,24,2,18,4,0,131,3,85,43,0,162,204,"Fulton",1,155,155,79.4117647058823,95.679012345679,75.9803921568627,95.679012345679,75.9803921568627,15.4838709677419,15.4838709677419,14.8148148148148,11.7647058823529,84.5161290322581,84.5161290322581,80.8641975308642,64.2156862745098,0,1,0
"144","ML023",174,12,126,35,1,842,33,606,202,1,174,12,126,35,1,842,33,606,202,1,1050,1281,"Fulton",1,1016,1016,81.9672131147541,96.7619047619048,79.3130366900859,96.7619047619048,79.3130366900859,17.1259842519685,17.1259842519685,16.5714285714286,13.5831381733021,82.8740157480315,82.8740157480315,80.1904761904762,65.7298985167838,0,1,0
"145","ML024",12,0,12,0,0,60,5,40,15,0,12,0,12,0,0,60,5,40,15,0,78,88,"Fulton",1,72,72,88.6363636363636,92.3076923076923,81.8181818181818,92.3076923076923,81.8181818181818,16.6666666666667,16.6666666666667,15.3846153846154,13.6363636363636,83.3333333333333,83.3333333333333,76.9230769230769,68.1818181818182,0,1,0
"146","ML03",544,35,389,120,0,2125,135,1400,585,5,544,35,389,120,0,2125,135,1400,585,5,2755,3312,"Fulton",1,2669,2669,83.1823671497584,96.8784029038112,80.5857487922705,96.8784029038112,80.5857487922705,20.3821656050955,20.3821656050955,19.7459165154265,16.4251207729469,79.6178343949045,79.6178343949045,77.1324863883847,64.1606280193237,0,1,0
"147","ML04A",317,24,214,79,0,895,49,633,213,0,317,24,214,79,0,895,49,633,213,0,1254,1528,"Fulton",1,1212,1212,82.0680628272251,96.6507177033493,79.3193717277487,96.6507177033493,79.3193717277487,26.1551155115512,26.1551155115512,25.2791068580542,20.7460732984293,73.8448844884488,73.8448844884488,71.3716108452951,58.5732984293194,0,1,0
"148","ML04B",175,17,117,41,0,683,54,437,192,0,175,17,117,41,0,683,54,437,192,0,882,1061,"Fulton",1,858,858,83.129123468426,97.2789115646258,80.8671065032988,97.2789115646258,80.8671065032988,20.3962703962704,20.3962703962704,19.8412698412698,16.4938737040528,79.6037296037296,79.6037296037296,77.437641723356,64.373232799246,0,1,0
"149","ML04C",15,1,12,2,0,55,0,44,11,0,15,1,12,2,0,55,0,44,11,0,72,74,"Fulton",1,70,70,97.2972972972973,97.2222222222222,94.5945945945946,97.2222222222222,94.5945945945946,21.4285714285714,21.4285714285714,20.8333333333333,20.2702702702703,78.5714285714286,78.5714285714286,76.3888888888889,74.3243243243243,0,1,0
"150","ML05A",17,2,12,3,0,16,2,11,3,0,17,2,12,3,0,16,2,11,3,0,33,35,"Fulton",1,33,33,94.2857142857143,100,94.2857142857143,100,94.2857142857143,51.5151515151515,51.5151515151515,51.5151515151515,48.5714285714286,48.4848484848485,48.4848484848485,48.4848484848485,45.7142857142857,1,0,0
"151","ML05B",65,7,36,22,0,207,11,137,59,0,65,7,36,22,0,207,11,137,59,0,279,329,"Fulton",1,272,272,84.8024316109423,97.4910394265233,82.6747720364742,97.4910394265233,82.6747720364742,23.8970588235294,23.8970588235294,23.2974910394265,19.7568389057751,76.1029411764706,76.1029411764706,74.1935483870968,62.9179331306991,0,1,0
"152","ML05C",1005,60,683,262,0,1724,108,1034,582,0,1005,60,683,262,0,1724,108,1034,582,0,2826,3503,"Fulton",1,2729,2729,80.6737082500714,96.5675866949752,77.904653154439,96.5675866949752,77.904653154439,36.8266764382558,36.8266764382558,35.5626326963907,28.6896945475307,63.1733235617442,63.1733235617442,61.0049539985846,49.2149586069084,0,1,0
"153","ML06A",593,9,390,191,3,482,17,260,204,1,593,9,390,191,3,482,17,260,204,1,1132,1514,"Fulton",1,1075,1075,74.7688243064729,94.9646643109541,71.003963011889,94.9646643109541,71.003963011889,55.1627906976744,55.1627906976744,52.3851590106007,39.1677675033025,44.8372093023256,44.8372093023256,42.5795053003534,31.8361955085865,1,0,0
"154","ML06B",862,29,560,273,0,918,47,550,321,0,862,29,560,273,0,918,47,550,321,0,1875,2340,"Fulton",1,1780,1780,80.1282051282051,94.9333333333333,76.0683760683761,94.9333333333333,76.0683760683761,48.4269662921348,48.4269662921348,45.9733333333333,36.8376068376068,51.5730337078652,51.5730337078652,48.96,39.2307692307692,0,1,0
"155","ML071",20,2,12,6,0,58,1,28,29,0,20,2,12,6,0,58,1,28,29,0,80,84,"Fulton",1,78,78,95.2380952380952,97.5,92.8571428571429,97.5,92.8571428571429,25.6410256410256,25.6410256410256,25,23.8095238095238,74.3589743589744,74.3589743589744,72.5,69.0476190476191,0,1,0
"156","ML072",174,11,100,63,0,621,61,308,252,0,174,11,100,63,0,621,61,308,252,0,818,952,"Fulton",1,795,795,85.9243697478992,97.1882640586797,83.5084033613445,97.1882640586797,83.5084033613445,21.8867924528302,21.8867924528302,21.2713936430318,18.2773109243697,78.1132075471698,78.1132075471698,75.9168704156479,65.2310924369748,0,1,0
"157","ML07A",96,4,65,26,1,387,24,197,166,0,96,4,65,26,1,387,24,197,166,0,505,615,"Fulton",1,483,483,82.1138211382114,95.6435643564356,78.5365853658537,95.6435643564356,78.5365853658537,19.8757763975155,19.8757763975155,19.009900990099,15.609756097561,80.1242236024845,80.1242236024845,76.6336633663366,62.9268292682927,0,1,0
"158","MP01",150,5,28,117,0,182,4,23,154,1,150,5,28,117,0,182,4,23,154,1,339,408,"Fulton",1,332,332,83.0882352941177,97.9351032448378,81.3725490196078,97.9351032448378,81.3725490196078,45.1807228915663,45.1807228915663,44.2477876106195,36.7647058823529,54.8192771084337,54.8192771084337,53.6873156342183,44.6078431372549,0,1,0
"159","RW01",973,84,649,239,1,2443,208,1456,779,0,973,84,649,239,1,2443,208,1456,779,0,3541,4176,"Fulton",1,3416,3416,84.794061302682,96.469923750353,81.8007662835249,96.469923750353,81.8007662835249,28.483606557377,28.483606557377,27.4781135272522,23.2998084291188,71.516393442623,71.516393442623,68.9918102231008,58.5009578544061,0,1,0
"160","RW02",962,54,633,274,1,1844,93,1113,632,6,962,54,633,274,1,1844,93,1113,632,6,2924,3443,"Fulton",1,2806,2806,84.9259366831252,95.9644322845417,81.4986930002904,95.9644322845417,81.4986930002904,34.2836778332145,34.2836778332145,32.9001367989056,27.9407493465001,65.7163221667855,65.7163221667855,63.0642954856361,53.5579436537903,0,1,0
"161","RW03",1211,47,753,409,2,1517,78,880,556,3,1211,47,753,409,2,1517,78,880,556,3,2858,3605,"Fulton",1,2728,2728,79.2787794729542,95.4513645906228,75.6726768377254,95.4513645906228,75.6726768377254,44.391495601173,44.391495601173,42.3722883135059,33.5922330097087,55.608504398827,55.608504398827,53.0790762771169,42.0804438280166,0,1,0
"162","RW04",492,14,373,105,0,849,42,522,285,0,492,14,373,105,0,849,42,522,285,0,1396,1634,"Fulton",1,1341,1341,85.4345165238678,96.0601719197708,82.0685434516524,96.0601719197708,82.0685434516524,36.6890380313199,36.6890380313199,35.243553008596,30.1101591187271,63.3109619686801,63.3109619686801,60.8166189111748,51.9583843329253,0,1,0
"163","RW05",645,23,384,237,1,541,29,290,222,0,645,23,384,237,1,541,29,290,222,0,1233,1739,"Fulton",1,1186,1186,70.9028177113284,96.1881589618816,68.2001150086256,96.1881589618816,68.2001150086256,54.3844856661046,54.3844856661046,52.3114355231144,37.0902817711328,45.6155143338954,45.6155143338954,43.8767234387672,31.1098332374928,1,0,0
"164","RW06",761,32,485,244,0,1188,77,644,467,0,761,32,485,244,0,1188,77,644,467,0,2025,2459,"Fulton",1,1949,1949,82.35054900366,96.2469135802469,79.2598617324116,96.2469135802469,79.2598617324116,39.0456644433043,39.0456644433043,37.5802469135802,30.9475396502643,60.9543355566957,60.9543355566957,58.6666666666667,48.3123220821472,0,1,0
"165","RW07A",528,11,264,248,5,148,2,76,70,0,528,11,264,248,5,148,2,76,70,0,706,1110,"Fulton",1,676,676,63.6036036036036,95.7507082152975,60.9009009009009,95.7507082152975,60.9009009009009,78.1065088757396,78.1065088757396,74.7875354107649,47.5675675675676,21.8934911242604,21.8934911242604,20.9631728045326,13.3333333333333,1,0,0
"166","RW07B",150,3,76,70,1,89,4,45,40,0,150,3,76,70,1,89,4,45,40,0,252,317,"Fulton",1,239,239,79.4952681388013,94.8412698412698,75.3943217665615,94.8412698412698,75.3943217665615,62.7615062761506,62.7615062761506,59.5238095238095,47.3186119873817,37.2384937238494,37.2384937238494,35.3174603174603,28.0757097791798,1,0,0
"167","RW08",381,47,231,102,1,1175,114,685,374,2,381,47,231,102,1,1175,114,685,374,2,1618,1955,"Fulton",1,1556,1556,82.7621483375959,96.168108776267,79.5907928388747,96.168108776267,79.5907928388747,24.4858611825193,24.4858611825193,23.5475896168109,19.4884910485933,75.5141388174807,75.5141388174807,72.6205191594561,60.1023017902813,0,1,0
"168","RW09",1079,91,755,229,4,3302,249,2004,1035,14,1079,91,755,229,4,3302,249,2004,1035,14,4498,5303,"Fulton",1,4381,4381,84.8199132566472,97.3988439306358,82.6136149349425,97.3988439306358,82.6136149349425,24.6290801186944,24.6290801186944,23.9884393063584,20.3469734112766,75.3709198813056,75.3709198813056,73.4104046242775,62.2666415236658,0,1,0
"169","RW10",657,56,456,144,1,1726,117,1028,577,4,657,56,456,144,1,1726,117,1028,577,4,2504,2944,"Fulton",1,2383,2383,85.054347826087,95.167731629393,80.9442934782609,95.167731629393,80.9442934782609,27.5702895509862,27.5702895509862,26.2380191693291,22.3165760869565,72.4297104490139,72.4297104490139,68.9297124600639,58.6277173913044,0,1,0
"170","RW11A",676,21,434,217,4,1065,47,567,451,0,676,21,434,217,4,1065,47,567,451,0,1810,2250,"Fulton",1,1741,1741,80.4444444444444,96.1878453038674,77.3777777777778,96.1878453038674,77.3777777777778,38.8282596209075,38.8282596209075,37.3480662983425,30.0444444444444,61.1717403790925,61.1717403790925,58.8397790055249,47.3333333333333,0,1,0
"171","RW12",1235,73,855,303,4,3106,205,1808,1091,2,1235,73,855,303,4,3106,205,1808,1091,2,4505,5256,"Fulton",1,4341,4341,85.7115677321157,96.3596004439512,82.5913242009132,96.3596004439512,82.5913242009132,28.4496659755817,28.4496659755817,27.4139844617092,23.4969558599696,71.5503340244183,71.5503340244183,68.9456159822419,59.0943683409437,0,1,0
"172","RW13",871,37,555,277,2,1632,96,894,641,1,871,37,555,277,2,1632,96,894,641,1,2592,3127,"Fulton",1,2503,2503,82.890949792133,96.5663580246914,80.0447713463383,96.5663580246914,80.0447713463383,34.7982421094686,34.7982421094686,33.6033950617284,27.8541733290694,65.2017578905314,65.2017578905314,62.962962962963,52.1905980172689,0,1,0
"173","RW16",445,16,294,135,0,900,61,528,311,0,445,16,294,135,0,900,61,528,311,0,1381,1641,"Fulton",1,1345,1345,84.1560024375381,97.3931933381608,81.9622181596587,97.3931933381608,81.9622181596587,33.0855018587361,33.0855018587361,32.2230267921796,27.1176112126752,66.9144981412639,66.9144981412639,65.1701665459812,54.8446069469835,0,1,0
"174","RW17",828,36,562,227,3,891,46,553,292,0,828,36,562,227,3,891,46,553,292,0,1800,2351,"Fulton",1,1719,1719,76.5631646108039,95.5,73.1178222033177,95.5,73.1178222033177,48.1675392670157,48.1675392670157,46,35.2190557209698,51.8324607329843,51.8324607329843,49.5,37.8987664823479,0,1,0
"175","RW19",393,24,267,102,0,1115,70,604,441,0,393,24,267,102,0,1115,70,604,441,0,1550,1834,"Fulton",1,1508,1508,84.5147219193021,97.2903225806452,82.2246455834242,97.2903225806452,82.2246455834242,26.0610079575597,26.0610079575597,25.3548387096774,21.4285714285714,73.9389920424403,73.9389920424403,71.9354838709677,60.7960741548528,0,1,0
"176","RW20",700,25,561,113,1,1302,65,916,319,2,700,25,561,113,1,1302,65,916,319,2,2068,2224,"Fulton",1,2002,2002,92.9856115107914,96.8085106382979,90.0179856115108,96.8085106382979,90.0179856115108,34.965034965035,34.965034965035,33.8491295938104,31.4748201438849,65.034965034965,65.034965034965,62.9593810444874,58.5431654676259,0,1,0
"177","RW21",656,37,461,158,0,1602,106,1114,380,2,656,37,461,158,0,1602,106,1114,380,2,2336,2833,"Fulton",1,2258,2258,82.4567596187787,96.6609589041096,79.7034945287681,96.6609589041096,79.7034945287681,29.052258635961,29.052258635961,28.0821917808219,23.1556653723968,70.947741364039,70.947741364039,68.5787671232877,56.5478291563713,0,1,0
"178","RW22A",1263,28,816,419,0,1160,58,787,315,0,1263,28,816,419,0,1160,58,787,315,0,2539,3384,"Fulton",1,2423,2423,75.0295508274232,95.4312721543915,71.6016548463357,95.4312721543915,71.6016548463357,52.125464300454,52.125464300454,49.7439936983064,37.322695035461,47.874535699546,47.874535699546,45.6872784560851,34.2789598108747,1,0,0
"179","SS01",580,48,381,151,0,1611,129,865,617,0,580,48,381,151,0,1611,129,865,617,0,2276,2698,"Fulton",1,2191,2191,84.3587842846553,96.2653778558875,81.2083024462565,96.2653778558875,81.2083024462565,26.4719306252853,26.4719306252853,25.4833040421793,21.4974054855448,73.5280693747147,73.5280693747147,70.7820738137083,59.7108969607116,0,1,0
"180","SS02A",340,25,245,66,4,425,28,311,86,0,340,25,245,66,4,425,28,311,86,0,801,1017,"Fulton",1,765,765,78.7610619469027,95.5056179775281,75.2212389380531,95.5056179775281,75.2212389380531,44.4444444444444,44.4444444444444,42.4469413233458,33.4316617502458,55.5555555555556,55.5555555555556,53.0586766541823,41.7895771878073,0,1,0
"181","SS02B",466,14,356,96,0,290,17,204,68,1,466,14,356,96,0,290,17,204,68,1,797,1049,"Fulton",1,756,756,75.9771210676835,94.8557089084065,72.0686367969495,94.8557089084065,72.0686367969495,61.6402116402116,61.6402116402116,58.4692597239649,44.4232602478551,38.3597883597884,38.3597883597884,36.3864491844417,27.6453765490944,1,0,0
"182","SS03",368,20,254,94,0,608,26,345,236,1,368,20,254,94,0,608,26,345,236,1,1015,1194,"Fulton",1,976,976,85.0083752093802,96.1576354679803,81.7420435510888,96.1576354679803,81.7420435510888,37.7049180327869,37.7049180327869,36.256157635468,30.820770519263,62.2950819672131,62.2950819672131,59.9014778325123,50.9212730318258,0,1,0
"183","SS04",1040,43,663,326,8,935,34,556,343,2,1040,43,663,326,8,935,34,556,343,2,2071,2703,"Fulton",1,1975,1975,76.6185719570847,95.364558184452,73.0669626341103,95.364558184452,73.0669626341103,52.6582278481013,52.6582278481013,50.2172863351038,38.4757676655568,47.3417721518987,47.3417721518987,45.1472718493481,34.5911949685535,1,0,0
"184","SS05",482,38,344,100,0,893,35,533,325,0,482,38,344,100,0,893,35,533,325,0,1428,1629,"Fulton",1,1375,1375,87.6611418047882,96.2885154061625,84.4076120319214,96.2885154061625,84.4076120319214,35.0545454545455,35.0545454545455,33.7535014005602,29.5887047268263,64.9454545454546,64.9454545454546,62.5350140056022,54.8189073050952,0,1,0
"185","SS06",306,13,234,46,13,713,42,460,203,8,306,13,234,46,13,713,42,460,203,8,1064,1203,"Fulton",1,1019,1019,88.4455527847049,95.7706766917293,84.7049044056525,95.7706766917293,84.7049044056525,30.0294406280667,30.0294406280667,28.7593984962406,25.4364089775561,69.9705593719333,69.9705593719333,67.0112781954887,59.2684954280964,0,1,0
"186","SS07A",184,22,127,35,0,460,84,269,107,0,184,22,127,35,0,460,84,269,107,0,678,821,"Fulton",1,644,644,82.5822168087698,94.9852507374631,78.4409257003654,94.9852507374631,78.4409257003654,28.5714285714286,28.5714285714286,27.1386430678466,22.4116930572473,71.4285714285714,71.4285714285714,67.8466076696165,56.0292326431181,0,1,0
"187","SS07B",148,11,106,31,0,205,18,117,70,0,148,11,106,31,0,205,18,117,70,0,370,456,"Fulton",1,353,353,81.140350877193,95.4054054054054,77.4122807017544,95.4054054054054,77.4122807017544,41.9263456090652,41.9263456090652,40,32.4561403508772,58.0736543909348,58.0736543909348,55.4054054054054,44.9561403508772,0,1,0
"188","SS07C",178,40,93,45,0,297,74,150,73,0,178,40,93,45,0,297,74,150,73,0,511,686,"Fulton",1,475,475,74.4897959183673,92.9549902152642,69.2419825072886,92.9549902152642,69.2419825072886,37.4736842105263,37.4736842105263,34.8336594911937,25.9475218658892,62.5263157894737,62.5263157894737,58.1213307240704,43.2944606413994,0,1,0
"189","SS08A",416,17,247,151,1,364,14,201,149,0,416,17,247,151,1,364,14,201,149,0,825,1063,"Fulton",1,780,780,77.6105362182502,94.5454545454545,73.3772342427093,94.5454545454545,73.3772342427093,53.3333333333333,53.3333333333333,50.4242424242424,39.134524929445,46.6666666666667,46.6666666666667,44.1212121212121,34.2427093132643,1,0,0
"190","SS08B",148,11,110,27,0,279,20,170,89,0,148,11,110,27,0,279,20,170,89,0,447,566,"Fulton",1,427,427,78.9752650176679,95.5257270693512,75.4416961130742,95.5257270693512,75.4416961130742,34.6604215456674,34.6604215456674,33.1096196868009,26.1484098939929,65.3395784543326,65.3395784543326,62.4161073825503,49.2932862190813,0,1,0
"191","SS08C",184,6,140,38,0,183,14,110,59,0,184,6,140,38,0,183,14,110,59,0,394,509,"Fulton",1,367,367,77.4066797642436,93.1472081218274,72.1021611001965,93.1472081218274,72.1021611001965,50.1362397820163,50.1362397820163,46.7005076142132,36.1493123772102,49.8637602179837,49.8637602179837,46.4467005076142,35.9528487229862,1,0,0
"192","SS08D",382,22,256,104,0,350,28,217,105,0,382,22,256,104,0,350,28,217,105,0,771,1001,"Fulton",1,732,732,77.022977022977,94.9416342412451,73.1268731268731,94.9416342412451,73.1268731268731,52.1857923497268,52.1857923497268,49.5460440985733,38.1618381618382,47.8142076502732,47.8142076502732,45.3955901426719,34.965034965035,1,0,0
"193","SS11A",1147,62,708,372,5,1232,91,640,493,8,1147,62,708,372,5,1232,91,640,493,8,2497,3165,"Fulton",1,2379,2379,78.8941548183254,95.274329195034,75.1658767772512,95.274329195034,75.1658767772512,48.213535098781,48.213535098781,45.9351221465759,36.2401263823065,51.786464901219,51.786464901219,49.3392070484581,38.9257503949447,0,1,0
"194","SS11B",424,17,267,138,2,311,14,198,97,2,424,17,267,138,2,311,14,198,97,2,771,1009,"Fulton",1,735,735,76.412289395441,95.3307392996109,72.8444003964321,95.3307392996109,72.8444003964321,57.687074829932,57.687074829932,54.9935149156939,42.0218037661051,42.312925170068,42.312925170068,40.337224383917,30.8225966303271,1,0,0
"195","SS11C",104,3,55,46,0,47,2,25,20,0,104,3,55,46,0,47,2,25,20,0,158,222,"Fulton",1,151,151,71.1711711711712,95.5696202531646,68.018018018018,95.5696202531646,68.018018018018,68.8741721854305,68.8741721854305,65.8227848101266,46.8468468468468,31.1258278145695,31.1258278145695,29.746835443038,21.1711711711712,1,0,0
"196","SS12",643,62,418,162,1,1151,107,683,360,1,643,62,418,162,1,1151,107,683,360,1,1896,2290,"Fulton",1,1794,1794,82.7947598253275,94.620253164557,78.3406113537118,94.620253164557,78.3406113537118,35.8416945373467,35.8416945373467,33.9135021097046,28.0786026200873,64.1583054626533,64.1583054626533,60.7067510548523,50.2620087336245,0,1,0
"197","SS15A",930,24,488,418,0,287,25,142,120,0,930,24,488,418,0,287,25,142,120,0,1271,2011,"Fulton",1,1217,1217,63.2023868722029,95.7513768686074,60.5171556439582,95.7513768686074,60.5171556439582,76.417419884963,76.417419884963,73.1707317073171,46.2456489308802,23.582580115037,23.582580115037,22.5806451612903,14.2715067130781,1,0,0
"198","SS15B",545,13,312,220,0,387,21,207,159,0,545,13,312,220,0,387,21,207,159,0,972,1318,"Fulton",1,932,932,73.7481031866464,95.8847736625514,70.7132018209408,95.8847736625514,70.7132018209408,58.4763948497854,58.4763948497854,56.0699588477366,41.350531107739,41.5236051502146,41.5236051502146,39.8148148148148,29.3626707132018,1,0,0
"199","SS16",413,26,300,87,0,1146,81,614,450,1,413,26,300,87,0,1146,81,614,450,1,1618,1886,"Fulton",1,1559,1559,85.7900318133616,96.353522867738,82.661717921527,96.353522867738,82.661717921527,26.4913406029506,26.4913406029506,25.5253399258344,21.898197242842,73.5086593970494,73.5086593970494,70.8281829419036,60.763520678685,0,1,0
"200","SS17",859,52,553,250,4,1488,106,890,491,1,859,52,553,250,4,1488,106,890,491,1,2421,3028,"Fulton",1,2347,2347,79.9537648612946,96.9434118133003,77.5099075297226,96.9434118133003,77.5099075297226,36.5999147848317,36.5999147848317,35.4812061131764,28.3685601056803,63.4000852151683,63.4000852151683,61.4622057001239,49.1413474240423,0,1,0
"201","SS18A",144,9,107,27,1,342,21,206,115,0,144,9,107,27,1,342,21,206,115,0,503,578,"Fulton",1,486,486,87.0242214532872,96.6202783300199,84.083044982699,96.6202783300199,84.083044982699,29.6296296296296,29.6296296296296,28.6282306163022,24.9134948096886,70.3703703703704,70.3703703703704,67.9920477137177,59.1695501730104,0,1,0
"202","SS18B",60,2,48,10,0,122,8,74,40,0,60,2,48,10,0,122,8,74,40,0,187,213,"Fulton",1,182,182,87.7934272300469,97.3262032085562,85.4460093896714,97.3262032085562,85.4460093896714,32.967032967033,32.967032967033,32.0855614973262,28.169014084507,67.032967032967,67.032967032967,65.2406417112299,57.2769953051643,0,1,0
"203","SS19A",1145,37,802,305,1,614,26,421,167,0,1145,37,802,305,1,614,26,421,167,0,1837,2527,"Fulton",1,1759,1759,72.6948951325683,95.7539466521502,69.608231104076,95.7539466521502,69.608231104076,65.093803297328,65.093803297328,62.3298856831791,45.3106450336367,34.906196702672,34.906196702672,33.4240609689711,24.2975860704393,1,0,0
"204","SS19B",795,15,565,213,2,504,29,366,109,0,795,15,565,213,2,504,29,366,109,0,1352,1842,"Fulton",1,1299,1299,73.3984799131379,96.0798816568047,70.5211726384365,96.0798816568047,70.5211726384365,61.2009237875289,61.2009237875289,58.801775147929,43.1596091205212,38.7990762124711,38.7990762124711,37.2781065088757,27.3615635179153,1,0,0
"205","SS20",616,20,396,198,2,531,29,367,135,0,616,20,396,198,2,531,29,367,135,0,1209,1639,"Fulton",1,1147,1147,73.764490543014,94.8717948717949,69.9816961561928,94.8717948717949,69.9816961561928,53.7053182214473,53.7053182214473,50.9511993382961,37.5838926174497,46.2946817785527,46.2946817785527,43.9205955334988,32.3978035387431,1,0,0
"206","SS22",823,71,516,232,4,821,69,437,313,2,823,71,516,232,4,821,69,437,313,2,1735,2337,"Fulton",1,1644,1644,74.2404792468977,94.7550432276657,70.3465982028241,94.7550432276657,70.3465982028241,50.0608272506083,50.0608272506083,47.4351585014409,35.2160890029953,49.9391727493917,49.9391727493917,47.3198847262248,35.1305091998288,1,0,0
"207","SS25",340,29,215,96,0,779,73,431,275,0,340,29,215,96,0,779,73,431,275,0,1170,1428,"Fulton",1,1119,1119,81.9327731092437,95.6410256410256,78.3613445378151,95.6410256410256,78.3613445378151,30.3842716711349,30.3842716711349,29.0598290598291,23.8095238095238,69.6157283288651,69.6157283288651,66.5811965811966,54.5518207282913,0,1,0
"208","SS26",1378,31,902,445,0,492,29,308,154,1,1378,31,902,445,0,492,29,308,154,1,1956,2850,"Fulton",1,1870,1870,68.6315789473684,95.6032719836401,65.6140350877193,95.6032719836401,65.6140350877193,73.6898395721925,73.6898395721925,70.4498977505112,48.3508771929825,26.3101604278075,26.3101604278075,25.1533742331288,17.2631578947368,1,0,0
"209","SS29A",779,38,533,208,0,909,62,507,340,0,779,38,533,208,0,909,62,507,340,0,1777,2287,"Fulton",1,1688,1688,77.7000437254045,94.991558806978,73.8084827284652,94.991558806978,73.8084827284652,46.1492890995261,46.1492890995261,43.8379290939786,34.0620900743332,53.8507109004739,53.8507109004739,51.1536297129994,39.7463926541321,0,1,0
"210","SS31",266,22,202,42,0,441,27,312,101,1,266,22,202,42,0,441,27,312,101,1,749,925,"Fulton",1,707,707,80.972972972973,94.392523364486,76.4324324324324,94.392523364486,76.4324324324324,37.6237623762376,37.6237623762376,35.5140186915888,28.7567567567568,62.3762376237624,62.3762376237624,58.8785046728972,47.6756756756757,0,1,0
